-- phpMyAdmin SQL Dump
-- version 4.8.4
-- https://www.phpmyadmin.net/
--
-- Host: 127.0.0.1
-- Generation Time: Feb 22, 2019 at 10:38 AM
-- Server version: 10.1.37-MariaDB
-- PHP Version: 7.3.1

SET SQL_MODE = "NO_AUTO_VALUE_ON_ZERO";
SET AUTOCOMMIT = 0;
START TRANSACTION;
SET time_zone = "+00:00";


/*!40101 SET @OLD_CHARACTER_SET_CLIENT=@@CHARACTER_SET_CLIENT */;
/*!40101 SET @OLD_CHARACTER_SET_RESULTS=@@CHARACTER_SET_RESULTS */;
/*!40101 SET @OLD_COLLATION_CONNECTION=@@COLLATION_CONNECTION */;
/*!40101 SET NAMES utf8mb4 */;

--
-- Database: `ora_et_labora`
--

-- --------------------------------------------------------

--
-- Table structure for table `alerts`
--

CREATE TABLE `alerts` (
  `id` int(11) NOT NULL,
  `text` varchar(64) COLLATE utf8_spanish_ci NOT NULL,
  `url` varchar(64) COLLATE utf8_spanish_ci DEFAULT NULL,
  `user_id` int(11) NOT NULL,
  `duration` int(11) NOT NULL DEFAULT '1' COMMENT 'Number of turns left before this alert banishes'
) ENGINE=InnoDB DEFAULT CHARSET=utf8 COLLATE=utf8_spanish_ci;

-- --------------------------------------------------------

--
-- Table structure for table `borders`
--

CREATE TABLE `borders` (
  `id` int(11) NOT NULL,
  `region_1_id` int(11) NOT NULL,
  `region_2_id` int(11) NOT NULL,
  `type` enum('land','river','pass','coast') COLLATE utf8_spanish_ci NOT NULL DEFAULT 'land'
) ENGINE=InnoDB DEFAULT CHARSET=utf8 COLLATE=utf8_spanish_ci;

--
-- Dumping data for table `borders`
--

INSERT INTO `borders` (`id`, `region_1_id`, `region_2_id`, `type`) VALUES
(212, 1, 309, 'coast'),
(213, 1, 310, 'coast'),
(214, 1, 312, 'coast'),
(215, 1, 313, 'coast'),
(216, 1, 300, 'coast'),
(217, 1, 100, 'coast'),
(218, 1, 103, 'coast'),
(219, 1, 106, 'coast'),
(220, 1, 108, 'coast'),
(221, 1, 204, 'coast'),
(222, 1, 205, 'coast'),
(223, 1, 403, 'coast'),
(224, 1, 402, 'coast'),
(225, 1, 401, 'coast'),
(226, 1, 400, 'coast'),
(227, 309, 307, 'land'),
(228, 309, 310, 'land'),
(229, 310, 312, 'land'),
(230, 310, 308, 'land'),
(231, 310, 307, 'land'),
(232, 312, 308, 'land'),
(233, 312, 311, 'land'),
(234, 312, 313, 'land'),
(235, 307, 304, 'land'),
(236, 307, 305, 'land'),
(237, 307, 306, 'land'),
(238, 313, 311, 'land'),
(239, 313, 300, 'land'),
(240, 311, 308, 'land'),
(241, 311, 302, 'land'),
(242, 311, 301, 'land'),
(243, 300, 301, 'land'),
(244, 300, 303, 'land'),
(245, 300, 101, 'land'),
(246, 300, 100, 'land'),
(247, 301, 303, 'land'),
(248, 301, 302, 'land'),
(249, 302, 308, 'land'),
(250, 302, 304, 'land'),
(251, 302, 303, 'land'),
(252, 304, 308, 'land'),
(253, 304, 305, 'land'),
(254, 304, 303, 'land'),
(255, 304, 500, 'land'),
(256, 305, 306, 'land'),
(257, 305, 500, 'land'),
(258, 305, 502, 'land'),
(259, 305, 521, 'land'),
(260, 303, 500, 'land'),
(261, 303, 102, 'land'),
(262, 303, 101, 'land'),
(263, 101, 100, 'land'),
(264, 101, 102, 'land'),
(265, 102, 500, 'land'),
(266, 102, 501, 'land'),
(267, 102, 104, 'land'),
(268, 102, 103, 'land'),
(269, 102, 100, 'land'),
(270, 100, 103, 'land'),
(271, 103, 104, 'land'),
(272, 103, 105, 'land'),
(273, 103, 106, 'land'),
(274, 104, 501, 'land'),
(275, 104, 107, 'land'),
(276, 106, 105, 'land'),
(277, 106, 108, 'land'),
(278, 105, 107, 'land'),
(279, 105, 108, 'land'),
(280, 107, 501, 'land'),
(281, 107, 506, 'land'),
(282, 107, 109, 'land'),
(283, 107, 108, 'land'),
(284, 109, 108, 'land'),
(285, 109, 506, 'land'),
(286, 109, 200, 'land'),
(287, 109, 201, 'land'),
(288, 109, 204, 'land'),
(289, 108, 204, 'land'),
(290, 200, 506, 'land'),
(291, 200, 512, 'land'),
(292, 200, 201, 'land'),
(293, 201, 512, 'land'),
(294, 201, 202, 'land'),
(295, 201, 203, 'land'),
(296, 201, 204, 'land'),
(297, 204, 205, 'land'),
(298, 204, 203, 'land'),
(299, 203, 202, 'land'),
(300, 203, 517, 'land'),
(301, 203, 206, 'land'),
(302, 203, 205, 'land'),
(303, 202, 512, 'land'),
(304, 202, 513, 'land'),
(305, 202, 517, 'land'),
(306, 205, 206, 'land'),
(307, 205, 403, 'land'),
(308, 206, 403, 'land'),
(309, 206, 517, 'land'),
(310, 403, 517, 'land'),
(311, 403, 404, 'land'),
(312, 403, 402, 'land'),
(313, 402, 404, 'land'),
(314, 402, 401, 'land'),
(315, 401, 404, 'land'),
(316, 401, 406, 'land'),
(317, 401, 407, 'land'),
(318, 401, 605, 'land'),
(319, 401, 400, 'land'),
(320, 400, 605, 'land'),
(321, 404, 517, 'land'),
(322, 404, 406, 'land'),
(323, 405, 517, 'land'),
(324, 405, 516, 'land'),
(325, 405, 700, 'land'),
(326, 405, 407, 'land'),
(327, 405, 406, 'land'),
(328, 406, 407, 'land'),
(329, 408, 700, 'land'),
(330, 408, 701, 'land'),
(331, 408, 601, 'land'),
(332, 408, 407, 'land'),
(333, 407, 601, 'land'),
(334, 407, 605, 'land'),
(335, 605, 601, 'land'),
(336, 605, 606, 'land'),
(337, 601, 606, 'land'),
(338, 601, 701, 'land'),
(339, 500, 501, 'land'),
(340, 500, 503, 'land'),
(341, 500, 502, 'land'),
(342, 521, 502, 'land'),
(343, 512, 522, 'land'),
(344, 507, 502, 'land'),
(345, 507, 522, 'land'),
(346, 507, 508, 'land'),
(347, 507, 503, 'land'),
(348, 503, 508, 'land'),
(349, 503, 504, 'land'),
(350, 503, 501, 'land'),
(351, 522, 508, 'land'),
(352, 522, 509, 'land'),
(353, 501, 504, 'land'),
(354, 501, 506, 'land'),
(355, 506, 504, 'land'),
(356, 506, 512, 'land'),
(357, 504, 508, 'land'),
(358, 504, 509, 'land'),
(359, 504, 505, 'land'),
(360, 504, 512, 'land'),
(361, 509, 505, 'land'),
(362, 509, 523, 'land'),
(363, 523, 505, 'land'),
(364, 523, 510, 'land'),
(365, 510, 511, 'land'),
(366, 510, 514, 'land'),
(367, 511, 512, 'land'),
(368, 511, 514, 'land'),
(369, 512, 513, 'land'),
(370, 514, 513, 'land'),
(371, 514, 515, 'land'),
(372, 515, 513, 'land'),
(373, 515, 516, 'land'),
(374, 513, 517, 'land'),
(375, 513, 516, 'land'),
(376, 517, 516, 'land'),
(377, 516, 700, 'land'),
(378, 700, 701, 'land'),
(379, 309, 1, 'coast'),
(380, 310, 1, 'coast'),
(381, 312, 1, 'coast'),
(382, 313, 1, 'coast'),
(383, 300, 1, 'coast'),
(384, 100, 1, 'coast'),
(385, 103, 1, 'coast'),
(386, 106, 1, 'coast'),
(387, 108, 1, 'coast'),
(388, 204, 1, 'coast'),
(389, 205, 1, 'coast'),
(390, 403, 1, 'coast'),
(391, 402, 1, 'coast'),
(392, 401, 1, 'coast'),
(393, 400, 1, 'coast'),
(394, 307, 309, 'land'),
(395, 310, 309, 'land'),
(396, 312, 310, 'land'),
(397, 308, 310, 'land'),
(398, 307, 310, 'land'),
(399, 308, 312, 'land'),
(400, 311, 312, 'land'),
(401, 313, 312, 'land'),
(402, 304, 307, 'land'),
(403, 305, 307, 'land'),
(404, 306, 307, 'land'),
(405, 311, 313, 'land'),
(406, 300, 313, 'land'),
(407, 308, 311, 'land'),
(408, 302, 311, 'land'),
(409, 301, 311, 'land'),
(410, 301, 300, 'land'),
(411, 303, 300, 'land'),
(412, 101, 300, 'land'),
(413, 100, 300, 'land'),
(414, 303, 301, 'land'),
(415, 302, 301, 'land'),
(416, 308, 302, 'land'),
(417, 304, 302, 'land'),
(418, 303, 302, 'land'),
(419, 308, 304, 'land'),
(420, 305, 304, 'land'),
(421, 303, 304, 'land'),
(422, 500, 304, 'land'),
(423, 306, 305, 'land'),
(424, 500, 305, 'land'),
(425, 502, 305, 'land'),
(426, 521, 305, 'land'),
(427, 500, 303, 'land'),
(428, 102, 303, 'land'),
(429, 101, 303, 'land'),
(430, 100, 101, 'land'),
(431, 102, 101, 'land'),
(432, 500, 102, 'land'),
(433, 501, 102, 'land'),
(434, 104, 102, 'land'),
(435, 103, 102, 'land'),
(436, 100, 102, 'land'),
(437, 103, 100, 'land'),
(438, 104, 103, 'land'),
(439, 105, 103, 'land'),
(440, 106, 103, 'land'),
(441, 501, 104, 'land'),
(442, 107, 104, 'land'),
(443, 105, 106, 'land'),
(444, 108, 106, 'land'),
(445, 107, 105, 'land'),
(446, 108, 105, 'land'),
(447, 501, 107, 'land'),
(448, 506, 107, 'land'),
(449, 109, 107, 'land'),
(450, 108, 107, 'land'),
(451, 108, 109, 'land'),
(452, 506, 109, 'land'),
(453, 200, 109, 'land'),
(454, 201, 109, 'land'),
(455, 204, 109, 'land'),
(456, 204, 108, 'land'),
(457, 506, 200, 'land'),
(458, 512, 200, 'land'),
(459, 201, 200, 'land'),
(460, 512, 201, 'land'),
(461, 202, 201, 'land'),
(462, 203, 201, 'land'),
(463, 204, 201, 'land'),
(464, 205, 204, 'land'),
(465, 203, 204, 'land'),
(466, 202, 203, 'land'),
(467, 517, 203, 'land'),
(468, 206, 203, 'land'),
(469, 205, 203, 'land'),
(470, 512, 202, 'land'),
(471, 513, 202, 'land'),
(472, 517, 202, 'land'),
(473, 206, 205, 'land'),
(474, 403, 205, 'land'),
(475, 403, 206, 'land'),
(476, 517, 206, 'land'),
(477, 517, 403, 'land'),
(478, 404, 403, 'land'),
(479, 402, 403, 'land'),
(480, 404, 402, 'land'),
(481, 401, 402, 'land'),
(482, 404, 401, 'land'),
(483, 406, 401, 'land'),
(484, 407, 401, 'land'),
(485, 605, 401, 'land'),
(486, 400, 401, 'land'),
(487, 605, 400, 'land'),
(488, 517, 404, 'land'),
(489, 406, 404, 'land'),
(490, 517, 405, 'land'),
(491, 516, 405, 'land'),
(492, 700, 405, 'land'),
(493, 407, 405, 'land'),
(494, 406, 405, 'land'),
(495, 407, 406, 'land'),
(496, 700, 408, 'land'),
(497, 701, 408, 'land'),
(498, 601, 408, 'land'),
(499, 407, 408, 'land'),
(500, 601, 407, 'land'),
(501, 605, 407, 'land'),
(502, 601, 605, 'land'),
(503, 606, 605, 'land'),
(504, 606, 601, 'land'),
(505, 701, 601, 'land'),
(506, 501, 500, 'land'),
(507, 503, 500, 'land'),
(508, 502, 500, 'land'),
(509, 502, 521, 'land'),
(510, 522, 512, 'land'),
(511, 502, 507, 'land'),
(512, 522, 507, 'land'),
(513, 508, 507, 'land'),
(514, 503, 507, 'land'),
(515, 508, 503, 'land'),
(516, 504, 503, 'land'),
(517, 501, 503, 'land'),
(518, 508, 522, 'land'),
(519, 509, 522, 'land'),
(520, 504, 501, 'land'),
(521, 506, 501, 'land'),
(522, 504, 506, 'land'),
(523, 512, 506, 'land'),
(524, 508, 504, 'land'),
(525, 509, 504, 'land'),
(526, 505, 504, 'land'),
(527, 512, 504, 'land'),
(528, 505, 509, 'land'),
(529, 523, 509, 'land'),
(530, 505, 523, 'land'),
(531, 510, 523, 'land'),
(532, 511, 510, 'land'),
(533, 514, 510, 'land'),
(534, 512, 511, 'land'),
(535, 514, 511, 'land'),
(536, 513, 512, 'land'),
(537, 513, 514, 'land'),
(538, 515, 514, 'land'),
(539, 513, 515, 'land'),
(540, 516, 515, 'land'),
(541, 517, 513, 'land'),
(542, 516, 513, 'land'),
(543, 516, 517, 'land'),
(544, 700, 516, 'land'),
(545, 701, 700, 'land');

-- --------------------------------------------------------

--
-- Table structure for table `buildings`
--

CREATE TABLE `buildings` (
  `id` int(11) NOT NULL,
  `building_id` int(11) NOT NULL,
  `level` int(11) NOT NULL DEFAULT '1',
  `preservation` int(11) NOT NULL DEFAULT '100',
  `owner_id` int(11) NOT NULL,
  `castle_mon_id` int(11) NOT NULL
) ENGINE=InnoDB DEFAULT CHARSET=utf8 COLLATE=utf8_spanish_ci;

--
-- Dumping data for table `buildings`
--

INSERT INTO `buildings` (`id`, `building_id`, `level`, `preservation`, `owner_id`, `castle_mon_id`) VALUES
(45, 1, 1, 100, 10006, 0),
(46, 3, 1, 100, 10006, 0),
(47, 4, 1, 100, 10006, 0),
(48, 5, 1, 100, 10006, 0),
(77, 2, 1, 100, 10053, 0),
(78, 3, 1, 100, 10053, 0),
(79, 4, 1, 100, 10053, 0),
(80, 5, 1, 100, 10053, 0),
(81, 2, 1, 100, 10060, 22),
(82, 3, 1, 100, 10060, 22),
(83, 4, 1, 100, 10060, 22),
(84, 5, 1, 100, 10060, 22),
(85, 2, 1, 100, 10053, 18),
(86, 3, 1, 100, 10053, 18),
(87, 4, 1, 100, 10053, 18),
(88, 5, 1, 100, 10053, 18),
(89, 2, 1, 100, 10053, 18),
(90, 3, 1, 100, 10053, 18),
(91, 4, 1, 100, 10053, 18),
(92, 5, 1, 100, 10053, 18),
(93, 2, 1, 100, 10068, 25),
(94, 3, 1, 100, 10068, 25),
(95, 4, 1, 100, 10068, 25),
(96, 5, 1, 100, 10068, 25),
(97, 2, 1, 100, 10069, 26),
(98, 3, 1, 100, 10069, 26),
(99, 4, 1, 100, 10069, 26),
(100, 5, 1, 100, 10069, 26),
(101, 2, 1, 100, 10070, 27),
(102, 3, 1, 100, 10070, 27),
(103, 4, 1, 100, 10070, 27),
(104, 5, 1, 100, 10070, 27),
(105, 2, 1, 100, 10071, 28),
(106, 3, 1, 100, 10071, 28),
(107, 4, 1, 100, 10071, 28),
(108, 5, 1, 100, 10071, 28),
(109, 2, 1, 100, 10072, 29),
(110, 3, 1, 100, 10072, 29),
(111, 4, 1, 100, 10072, 29),
(112, 5, 1, 100, 10072, 29),
(113, 2, 1, 100, 10073, 30),
(114, 3, 1, 100, 10073, 30),
(115, 4, 1, 100, 10073, 30),
(116, 5, 1, 100, 10073, 30),
(117, 2, 1, 100, 10074, 31),
(118, 3, 1, 100, 10074, 31),
(119, 4, 1, 100, 10074, 31),
(120, 5, 1, 100, 10074, 31),
(121, 6, 1, 100, 10073, 30),
(127, 2, 1, 100, 10085, 35),
(128, 3, 1, 100, 10085, 35),
(129, 4, 1, 100, 10085, 35),
(130, 5, 1, 100, 10085, 35),
(131, 6, 1, 100, 10085, 35),
(132, 2, 1, 100, 10086, 36),
(133, 3, 1, 100, 10086, 36),
(134, 4, 1, 100, 10086, 36),
(135, 5, 1, 100, 10086, 36),
(136, 6, 1, 100, 10086, 36),
(137, 2, 1, 100, 10087, 37),
(138, 3, 1, 100, 10087, 37),
(139, 4, 1, 100, 10087, 37),
(140, 5, 1, 100, 10087, 37),
(141, 6, 1, 100, 10087, 37);

-- --------------------------------------------------------

--
-- Table structure for table `buildings_capacity`
--

CREATE TABLE `buildings_capacity` (
  `id` int(11) NOT NULL,
  `building_id` int(11) NOT NULL,
  `level` int(11) NOT NULL,
  `max_capacity` int(11) NOT NULL
) ENGINE=InnoDB DEFAULT CHARSET=utf8 COLLATE=utf8_spanish_ci;

--
-- Dumping data for table `buildings_capacity`
--

INSERT INTO `buildings_capacity` (`id`, `building_id`, `level`, `max_capacity`) VALUES
(2, 4, 1, 1000),
(3, 4, 2, 2000),
(4, 4, 3, 3000),
(5, 5, 1, 1000),
(6, 5, 2, 2000),
(7, 5, 3, 3000),
(8, 6, 1, 10);

-- --------------------------------------------------------

--
-- Table structure for table `buildings_current_lvlups`
--

CREATE TABLE `buildings_current_lvlups` (
  `id` int(11) NOT NULL,
  `user_building_id` int(11) NOT NULL,
  `time_left` int(11) NOT NULL
) ENGINE=InnoDB DEFAULT CHARSET=utf8 COLLATE=utf8_spanish_ci;

--
-- Dumping data for table `buildings_current_lvlups`
--

INSERT INTO `buildings_current_lvlups` (`id`, `user_building_id`, `time_left`) VALUES
(1, 45, 5),
(2, 113, 5),
(7, 114, 5),
(8, 115, 7),
(9, 116, 7);

-- --------------------------------------------------------

--
-- Table structure for table `buildings_lvlup_res`
--

CREATE TABLE `buildings_lvlup_res` (
  `id` int(11) NOT NULL,
  `building_id` int(11) NOT NULL,
  `level` int(11) NOT NULL,
  `item_id` int(11) NOT NULL,
  `quantity` int(11) NOT NULL
) ENGINE=InnoDB DEFAULT CHARSET=utf8 COLLATE=utf8_spanish_ci;

--
-- Dumping data for table `buildings_lvlup_res`
--

INSERT INTO `buildings_lvlup_res` (`id`, `building_id`, `level`, `item_id`, `quantity`) VALUES
(1, 1, 1, 1, 1000),
(2, 1, 1, 2, 100),
(3, 1, 1, 8, 100),
(4, 2, 1, 1, 1000),
(5, 2, 1, 2, 100),
(6, 2, 1, 8, 100),
(7, 2, 1, 1, 1000),
(8, 2, 1, 2, 100),
(9, 2, 1, 8, 100),
(10, 3, 1, 1, 1000),
(11, 3, 1, 2, 100),
(12, 3, 1, 8, 100),
(13, 4, 1, 1, 1000),
(14, 4, 1, 2, 100),
(15, 4, 1, 8, 100),
(16, 5, 1, 1, 1000),
(17, 5, 1, 2, 100),
(18, 5, 1, 8, 100),
(19, 4, 2, 1, 2000),
(20, 4, 2, 2, 200),
(21, 4, 2, 8, 200),
(22, 6, 1, 1, 1000),
(23, 6, 1, 2, 100),
(24, 6, 1, 8, 100);

-- --------------------------------------------------------

--
-- Table structure for table `buildings_lvlup_time`
--

CREATE TABLE `buildings_lvlup_time` (
  `id` int(11) NOT NULL,
  `building_id` int(11) NOT NULL,
  `level` int(11) NOT NULL,
  `lvlup_time` int(11) NOT NULL
) ENGINE=InnoDB DEFAULT CHARSET=utf8 COLLATE=utf8_spanish_ci;

--
-- Dumping data for table `buildings_lvlup_time`
--

INSERT INTO `buildings_lvlup_time` (`id`, `building_id`, `level`, `lvlup_time`) VALUES
(1, 1, 1, 10),
(2, 2, 1, 10),
(3, 2, 1, 10),
(4, 3, 1, 10),
(5, 4, 1, 10),
(6, 5, 1, 10),
(7, 6, 1, 10);

-- --------------------------------------------------------

--
-- Table structure for table `buildings_maintenance`
--

CREATE TABLE `buildings_maintenance` (
  `id` int(11) NOT NULL,
  `building_id` int(11) NOT NULL,
  `level` int(11) NOT NULL,
  `item_id` int(11) NOT NULL,
  `quantity` int(11) NOT NULL
) ENGINE=InnoDB DEFAULT CHARSET=utf8 COLLATE=utf8_spanish_ci;

--
-- Dumping data for table `buildings_maintenance`
--

INSERT INTO `buildings_maintenance` (`id`, `building_id`, `level`, `item_id`, `quantity`) VALUES
(1, 1, 1, 1, 1000),
(2, 1, 1, 2, 100),
(3, 1, 1, 8, 100),
(4, 2, 1, 1, 1000),
(5, 2, 1, 2, 100),
(6, 2, 1, 8, 100),
(7, 3, 1, 1, 1000),
(8, 3, 1, 2, 100),
(9, 3, 1, 8, 100),
(10, 4, 1, 1, 1000),
(11, 4, 1, 2, 100),
(12, 4, 1, 8, 100),
(13, 5, 1, 1, 1000),
(14, 5, 1, 2, 100),
(15, 5, 1, 8, 100),
(16, 6, 1, 1, 1000),
(17, 6, 1, 2, 100),
(18, 6, 1, 8, 100);

-- --------------------------------------------------------

--
-- Table structure for table `building_names`
--

CREATE TABLE `building_names` (
  `id` int(11) NOT NULL,
  `name` varchar(16) COLLATE utf8_spanish_ci NOT NULL
) ENGINE=InnoDB DEFAULT CHARSET=utf8 COLLATE=utf8_spanish_ci;

--
-- Dumping data for table `building_names`
--

INSERT INTO `building_names` (`id`, `name`) VALUES
(1, 'Claustro'),
(2, 'Patio de Armas'),
(3, 'Cocina'),
(4, 'Despensa'),
(5, 'Almacén'),
(6, 'Dormitorio');

-- --------------------------------------------------------

--
-- Table structure for table `castles_monasteries`
--

CREATE TABLE `castles_monasteries` (
  `id` int(11) NOT NULL,
  `name` varchar(32) COLLATE utf8_spanish_ci NOT NULL,
  `owner_id` int(11) NOT NULL,
  `region_id` int(11) NOT NULL,
  `town_id` int(11) NOT NULL
) ENGINE=InnoDB DEFAULT CHARSET=utf8 COLLATE=utf8_spanish_ci;

--
-- Dumping data for table `castles_monasteries`
--

INSERT INTO `castles_monasteries` (`id`, `name`, `owner_id`, `region_id`, `town_id`) VALUES
(0, 'Muralla', 10006, 605, 2060),
(1, 'DEFAULT', 10006, 100, 1000),
(18, 'EJEMPLO', 10053, 10000, 100027),
(22, 'EJEMPLO', 10060, 10000, 100031),
(23, 'EJEMPLO', 10053, 10000, 100027),
(24, 'EJEMPLO', 10053, 10000, 100027),
(25, 'EJEMPLO', 10068, 10000, 100034),
(26, 'EJEMPLO', 10069, 10000, 100035),
(27, 'EJEMPLO', 10070, 10000, 100036),
(28, 'EJEMPLO', 10071, 10000, 100037),
(29, 'EJEMPLO', 10072, 10000, 100038),
(30, 'EJEMPLO', 10073, 103, 1030),
(31, 'EJEMPLO', 10074, 206, 2060),
(35, 'EJEMPLO', 10085, 10000, 100048),
(36, '12345', 10086, 10000, 100049),
(37, '10006', 10087, 201, 2010);

-- --------------------------------------------------------

--
-- Table structure for table `characters`
--

CREATE TABLE `characters` (
  `id` int(11) NOT NULL,
  `name` varchar(16) COLLATE utf8_spanish_ci NOT NULL,
  `belongs_to` int(11) DEFAULT NULL,
  `title` varchar(16) COLLATE utf8_spanish_ci DEFAULT NULL,
  `age` int(11) NOT NULL DEFAULT '20',
  `birthday` date NOT NULL,
  `death` date DEFAULT NULL,
  `location_id` int(11) NOT NULL
) ENGINE=InnoDB DEFAULT CHARSET=utf8 COLLATE=utf8_spanish_ci;

--
-- Dumping data for table `characters`
--

INSERT INTO `characters` (`id`, `name`, `belongs_to`, `title`, `age`, `birthday`, `death`, `location_id`) VALUES
(-1, 'Nobody', -1, NULL, 0, '0000-00-00', NULL, 1),
(1, '2', NULL, NULL, 22, '2018-09-02', NULL, 1),
(2, '2', NULL, NULL, 24, '2018-09-10', NULL, 1),
(10000, 'Alexander', 10000, NULL, 18, '0000-00-00', NULL, 1),
(10001, 'Philip', 10001, NULL, 18, '0000-00-00', NULL, 1),
(10006, '3', 10006, NULL, 23, '2018-09-13', NULL, 1),
(10017, '4', 10017, NULL, 22, '2018-09-15', NULL, 1),
(10018, '5', 10018, NULL, 25, '2018-09-15', NULL, 1),
(10019, '6', 10019, NULL, 24, '2018-09-15', NULL, 1),
(10020, '7', 10020, NULL, 24, '2018-09-15', NULL, 1),
(10021, '9', 10021, NULL, 25, '2018-09-15', NULL, 1),
(10022, '10', 10022, NULL, 24, '2018-09-15', NULL, 1),
(10023, '11', 10023, NULL, 22, '2018-09-15', NULL, 1),
(10053, '1000', 10053, NULL, 25, '0000-00-00', NULL, 1),
(10057, '1001', 10060, NULL, 25, '0000-00-00', NULL, 10000),
(10058, '1000', 10053, NULL, 25, '0000-00-00', NULL, 10000),
(10059, '1000', 10053, NULL, 25, '0000-00-00', NULL, 10000),
(10060, '1002', 10068, NULL, 25, '0000-00-00', NULL, 10000),
(10061, '1003', 10069, NULL, 25, '0000-00-00', NULL, 10000),
(10062, '1004', 10070, NULL, 25, '0000-00-00', NULL, 10000),
(10063, '1005', 10071, NULL, 25, '0000-00-00', NULL, 10000),
(10064, '1006', 10072, NULL, 25, '0000-00-00', NULL, 10000),
(10065, '10002', 10073, NULL, 25, '0000-00-00', NULL, 103),
(10066, '10003', 10074, NULL, 25, '0000-00-00', NULL, 206),
(10077, '10004', 10085, NULL, 25, '0000-00-00', NULL, 10000),
(10078, '10005', 10086, NULL, 25, '0000-00-00', NULL, 10000),
(10079, '10006', 10087, NULL, 25, '0000-00-00', NULL, 201),
(10080, 'Alejandro', NULL, NULL, 25, '0000-00-00', NULL, 10000),
(10081, 'Adrian', NULL, NULL, 25, '0000-00-00', NULL, 10000),
(10082, 'R31gnM4n', NULL, NULL, 25, '0000-00-00', NULL, 10000),
(10083, 'Ana', NULL, NULL, 25, '0000-00-00', NULL, 109),
(10084, 'Ernest', NULL, NULL, 25, '0000-00-00', NULL, 204),
(10085, 'ION', NULL, NULL, 25, '0000-00-00', NULL, 109),
(10086, 'Felipe', NULL, NULL, 25, '0000-00-00', NULL, 205),
(10087, 'Ivo', NULL, NULL, 25, '0000-00-00', NULL, 10000),
(10088, 'Luis', NULL, NULL, 25, '0000-00-00', NULL, 200),
(10089, 'Don Alvaro', NULL, NULL, 25, '0000-00-00', NULL, 10000),
(10090, 'Leslie', NULL, NULL, 25, '0000-00-00', NULL, 106),
(10091, 'Genadio', NULL, NULL, 25, '0000-00-00', NULL, 10000),
(10092, 'Alex', NULL, NULL, 25, '0000-00-00', NULL, 10000),
(10093, 'Carlo', NULL, NULL, 25, '0000-00-00', NULL, 10000),
(10094, 'rors2', NULL, NULL, 25, '0000-00-00', NULL, 10000);

-- --------------------------------------------------------

--
-- Table structure for table `connections`
--

CREATE TABLE `connections` (
  `id` int(11) NOT NULL,
  `user_id` int(11) NOT NULL,
  `ip` varchar(45) COLLATE utf8_spanish_ci NOT NULL,
  `forwarded` tinyint(1) NOT NULL,
  `date` timestamp NOT NULL DEFAULT CURRENT_TIMESTAMP
) ENGINE=InnoDB DEFAULT CHARSET=utf8 COLLATE=utf8_spanish_ci;

--
-- Dumping data for table `connections`
--

INSERT INTO `connections` (`id`, `user_id`, `ip`, `forwarded`, `date`) VALUES
(2, 10006, '10006', 1, '0000-00-00 00:00:00'),
(3, 10006, '10006', 1, '0000-00-00 00:00:00'),
(4, 10006, '::1', 0, '2018-09-24 09:54:25'),
(5, 10006, '::1', 0, '2018-09-24 09:55:54'),
(6, 10006, '::1', 0, '2018-09-24 09:56:10'),
(7, 10017, ':::1', 0, '2018-09-24 11:13:26'),
(8, 10006, '::1', 0, '2018-09-25 07:50:19'),
(9, 10006, '::1', 0, '2018-09-25 09:32:30'),
(10, 10006, '::1', 0, '2018-09-25 10:17:46'),
(11, 10006, '::1', 0, '2018-09-25 14:24:24'),
(12, 10006, '::1', 0, '2018-09-25 14:26:38'),
(13, 10006, '::1', 0, '2018-09-26 15:09:29'),
(14, 10006, '::1', 0, '2018-09-26 15:47:11'),
(15, 10006, '::1', 0, '2018-09-26 15:48:14'),
(16, 10006, '::1', 0, '2018-09-26 15:49:33'),
(17, 10006, '::1', 0, '2018-09-26 19:06:33'),
(18, 10006, '::1', 0, '2018-09-26 19:15:47'),
(19, 10006, '::1', 0, '2018-09-27 07:13:36'),
(20, 10006, '::1', 0, '2018-09-27 08:19:19'),
(21, 10006, '::1', 0, '2018-09-27 08:46:58'),
(22, 10006, '::1', 0, '2018-09-27 08:47:18'),
(23, 10006, '::1', 0, '2018-09-27 10:08:25'),
(24, 10006, '::1', 0, '2018-09-27 11:51:56'),
(25, 10006, '::1', 0, '2018-09-27 13:17:03'),
(26, 10006, '::1', 0, '2018-09-27 15:00:42'),
(27, 10006, '::1', 0, '2018-09-27 15:11:52'),
(28, 10006, '::1', 0, '2018-09-27 15:13:57'),
(29, 10006, '::1', 0, '2018-09-28 09:51:14'),
(30, 10006, '::1', 0, '2018-09-28 14:06:33'),
(31, 10006, '::1', 0, '2018-10-01 07:48:03'),
(32, 10006, '::1', 0, '2018-10-01 10:50:52'),
(33, 10006, '::1', 0, '2018-10-01 12:03:35'),
(34, 10006, '::1', 0, '2018-10-01 12:15:30'),
(35, 10006, '::1', 0, '2018-10-01 14:19:53'),
(36, 10006, '::1', 0, '2018-10-01 15:23:56'),
(37, 10006, '::1', 0, '2018-10-01 15:35:46'),
(38, 10006, '::1', 0, '2018-10-01 16:58:30'),
(39, 10006, '::1', 0, '2018-10-01 20:18:35'),
(40, 10006, '::1', 0, '2018-10-02 07:18:09'),
(41, 10006, '::1', 0, '2018-10-02 07:39:14'),
(42, 10006, '::1', 0, '2018-10-02 07:52:08'),
(43, 10006, '::1', 0, '2018-10-02 07:58:52'),
(44, 10006, '::1', 0, '2018-10-02 08:01:31'),
(45, 10006, '::1', 0, '2018-10-02 08:03:04'),
(46, 10006, '::1', 0, '2018-10-02 09:09:27'),
(47, 10006, '::1', 0, '2018-10-02 09:51:17'),
(48, 10006, '::1', 0, '2018-10-02 10:57:36'),
(49, 10006, '::1', 0, '2018-10-02 15:44:53'),
(50, 10006, '::1', 0, '2018-10-03 07:37:14'),
(51, 10006, '::1', 0, '2018-10-03 10:07:11'),
(52, 10006, '::1', 0, '2018-10-03 10:39:35'),
(53, 10006, '::1', 0, '2018-10-03 10:40:18'),
(54, 10006, '::1', 0, '2018-10-03 10:41:22'),
(55, 10006, '::1', 0, '2018-10-03 10:43:28'),
(56, 10006, '::1', 0, '2018-10-03 13:42:23'),
(57, 10006, '::1', 0, '2018-10-03 14:10:45'),
(58, 10006, '::1', 0, '2018-10-03 14:14:00'),
(59, 10006, '::1', 0, '2018-10-03 14:16:15'),
(60, 10006, '::1', 0, '2018-10-03 14:49:30'),
(61, 10006, '127.0.0.1', 0, '2018-10-04 11:38:27'),
(62, 10006, '127.0.0.1', 0, '2018-10-04 12:20:40'),
(63, 10006, '::1', 0, '2018-10-04 14:43:37'),
(64, 10006, '::1', 0, '2018-10-04 14:50:20'),
(65, 10006, '::1', 0, '2018-10-05 07:41:33'),
(66, 10006, '::1', 0, '2018-10-05 10:58:01'),
(67, 10006, '::1', 0, '2018-10-05 11:01:55'),
(68, 10006, '::1', 0, '2018-10-05 11:33:49'),
(69, 10006, '::1', 0, '2018-10-05 14:25:49'),
(70, 10006, '::1', 0, '2018-10-05 14:26:05'),
(71, 10006, '::1', 0, '2018-10-05 14:26:11'),
(72, 10006, '::1', 0, '2018-10-05 14:26:19'),
(73, 10006, '::1', 0, '2018-10-05 14:26:45'),
(74, 10006, '::1', 0, '2018-10-05 14:30:06'),
(75, 10006, '::1', 0, '2018-10-05 14:30:40'),
(76, 10006, '10006', 1, '2018-10-05 14:30:55'),
(77, 10006, '::1', 0, '2018-10-05 14:32:49'),
(78, 10006, '::1', 0, '2018-10-05 14:33:18'),
(79, 10006, '::1', 0, '2018-10-05 14:33:47'),
(80, 10006, '::1', 0, '2018-10-05 14:34:02'),
(81, 10006, '::1', 1, '2018-10-05 14:34:02'),
(82, 10006, '::1', 0, '2018-10-05 14:35:00'),
(83, 10006, '::1', 1, '2018-10-05 14:35:00'),
(84, 10006, '::1', 0, '2018-10-05 14:50:01'),
(85, 10006, '::1', 1, '2018-10-05 14:50:01'),
(87, 10053, '::1', 1, '2018-10-14 19:23:43'),
(88, 10053, '::1', 1, '2018-10-15 08:03:32'),
(89, 10053, '::1', 1, '2018-10-15 08:08:02'),
(90, 10053, '::1', 1, '2018-10-15 08:09:37'),
(91, 10053, '::1', 1, '2018-10-15 08:24:25'),
(92, 10053, '::1', 1, '2018-10-16 10:05:49'),
(93, 10053, '::1', 1, '2018-10-17 08:28:14'),
(94, 10053, '::1', 1, '2018-10-18 15:23:39'),
(95, 10053, '::1', 1, '2018-10-18 17:44:50'),
(96, 10053, '::1', 1, '2018-10-19 08:44:42'),
(97, 10053, '::1', 1, '2018-10-19 09:23:40'),
(98, 10053, '::1', 1, '2018-10-19 14:14:21'),
(99, 10053, '::1', 1, '2018-10-19 14:15:59'),
(100, 10053, '::1', 1, '2018-10-19 19:28:43'),
(101, 10053, '::1', 1, '2018-10-20 07:45:29'),
(102, 10053, '::1', 1, '2018-10-20 10:09:26'),
(103, 10053, '::1', 1, '2018-10-20 10:20:30'),
(104, 10060, '::1', 1, '2018-10-20 10:58:37'),
(105, 10060, '::1', 1, '2018-10-20 11:01:56'),
(106, 10060, '::1', 1, '2018-10-20 12:59:03'),
(107, 10060, '::1', 1, '2018-10-20 13:01:12'),
(108, 10060, '::1', 1, '2018-10-20 13:03:16'),
(109, 10053, '::1', 1, '2018-10-20 13:34:19'),
(110, 10053, '::1', 1, '2018-10-20 13:35:39'),
(111, 10068, '::1', 1, '2018-10-20 14:04:09'),
(112, 10069, '::1', 1, '2018-10-20 14:08:17'),
(113, 10071, '::1', 1, '2018-10-20 14:13:44'),
(114, 10073, '::1', 1, '2018-10-20 14:18:24'),
(115, 10074, '::1', 1, '2018-10-20 14:20:06'),
(116, 10074, '::1', 1, '2018-10-20 14:56:39'),
(117, 10074, '::1', 1, '2018-10-20 16:23:52'),
(118, 10074, '::1', 1, '2018-10-20 16:26:12'),
(119, 10074, '::1', 1, '2018-10-20 16:28:33'),
(120, 10073, '::1', 1, '2018-10-20 17:29:40'),
(121, 10073, '::1', 1, '2018-10-20 19:33:23'),
(122, 10073, '::1', 1, '2018-10-21 14:54:10'),
(123, 10073, '::1', 1, '2018-10-21 15:20:47'),
(124, 10073, '::1', 1, '2018-10-21 15:34:36'),
(125, 10073, '::1', 1, '2018-10-21 15:37:55'),
(126, 10073, '::1', 1, '2018-10-21 15:39:04'),
(127, 10073, '::1', 1, '2018-10-21 17:21:23'),
(128, 10074, '::1', 1, '2018-10-22 07:43:20'),
(129, 10073, '::1', 1, '2018-10-22 08:15:32'),
(130, 10073, '::1', 1, '2018-10-22 14:43:15'),
(131, 10073, '::1', 1, '2018-10-22 18:17:50'),
(132, 10073, '::1', 1, '2018-10-22 19:25:41'),
(133, 10073, '::1', 1, '2018-10-22 19:29:52'),
(134, 10073, '::1', 1, '2018-10-22 19:52:34'),
(135, 10073, '::1', 1, '2018-10-23 07:51:27'),
(136, 10073, '::1', 1, '2018-10-23 07:58:31'),
(137, 10073, '::1', 1, '2018-10-23 15:11:33'),
(138, 10073, '::1', 1, '2018-10-23 16:20:35'),
(139, 10073, '::1', 1, '2018-10-27 09:28:20'),
(140, 10073, '::1', 1, '2018-10-27 09:49:42'),
(141, 10073, '::1', 1, '2018-10-28 09:12:04'),
(142, 10073, '::1', 1, '2018-10-28 15:23:25'),
(143, 10073, '::1', 1, '2018-10-28 16:36:02'),
(144, 10073, '::1', 1, '2018-11-08 09:30:01'),
(145, 10073, '::1', 1, '2018-11-08 09:31:49'),
(146, 10073, '::1', 1, '2018-11-08 10:33:30'),
(147, 10073, '::1', 1, '2018-11-08 11:36:22'),
(148, 10073, '::1', 1, '2018-11-12 10:23:06'),
(149, 10073, '::1', 1, '2018-11-12 10:25:40'),
(150, 10073, '::1', 1, '2018-11-12 11:27:07'),
(151, 10073, '::1', 1, '2018-11-12 11:37:27'),
(152, 10073, '::1', 1, '2018-11-12 14:55:12'),
(153, 10073, '::1', 1, '2018-11-12 15:59:53'),
(154, 10073, '::1', 1, '2018-11-12 16:17:28'),
(155, 10073, '::1', 1, '2018-11-12 17:26:57'),
(156, 10073, '::1', 1, '2018-11-13 10:18:01'),
(157, 10073, '::1', 1, '2018-11-13 10:24:06'),
(158, 10073, '::1', 1, '2018-11-13 10:33:38'),
(159, 10073, '::1', 1, '2018-11-14 08:31:13'),
(160, 10073, '::1', 1, '2018-11-14 09:26:07'),
(161, 10073, '::1', 1, '2018-11-14 09:35:36'),
(162, 10073, '::1', 1, '2018-11-21 16:41:17'),
(163, 10073, '::1', 1, '2018-11-21 16:45:20'),
(164, 10073, '::1', 1, '2018-11-21 17:53:31'),
(165, 10073, '127.0.0.1', 1, '2018-11-21 18:22:15'),
(166, 10073, '::1', 1, '2018-11-22 08:39:19'),
(167, 10073, '::1', 1, '2018-11-22 14:48:11'),
(168, 10073, '::1', 1, '2018-11-22 14:58:11'),
(169, 10073, '::1', 1, '2018-11-22 15:50:48'),
(170, 10073, '::1', 1, '2018-11-22 16:03:11'),
(171, 10073, '::1', 1, '2018-11-22 16:43:46'),
(172, 10073, '::1', 1, '2018-11-22 16:47:43'),
(173, 10073, '::1', 1, '2018-11-22 17:58:51'),
(174, 10073, '::1', 1, '2018-11-23 10:47:57'),
(175, 10073, '::1', 1, '2018-11-23 11:19:41'),
(176, 10073, '::1', 1, '2018-11-23 12:46:46'),
(177, 10073, '::1', 1, '2018-11-23 12:57:57'),
(178, 10073, '::1', 1, '2018-11-23 14:31:39'),
(179, 10073, '::1', 1, '2018-11-23 17:34:25'),
(180, 10073, '::1', 1, '2018-11-26 08:52:56'),
(181, 10073, '::1', 1, '2018-11-26 15:01:58'),
(182, 10073, '::1', 1, '2018-11-26 16:05:19'),
(183, 10073, '::1', 1, '2018-11-27 09:09:15'),
(184, 10073, '::1', 1, '2018-11-27 10:35:15'),
(185, 10073, '::1', 1, '2018-11-27 14:56:52'),
(186, 10073, '::1', 1, '2018-11-28 08:23:07'),
(187, 10073, '::1', 1, '2018-11-28 12:48:14'),
(188, 10073, '::1', 1, '2018-11-29 07:58:27'),
(189, 10073, '::1', 1, '2018-11-29 10:58:06'),
(190, 10073, '::1', 1, '2018-11-29 17:28:15'),
(191, 10073, '::1', 1, '2018-11-30 08:03:05'),
(192, 10073, '::1', 1, '2018-11-30 08:03:53'),
(193, 10073, '::1', 1, '2018-11-30 10:31:14'),
(194, 10073, '::1', 1, '2018-11-30 12:24:52'),
(195, 10073, '::1', 1, '2018-11-30 12:26:35'),
(196, 10073, '::1', 1, '2018-11-30 13:12:24'),
(197, 10073, '::1', 1, '2018-11-30 14:22:44'),
(198, 10073, '::1', 1, '2018-11-30 16:35:03'),
(199, 10073, '::1', 1, '2018-11-30 17:43:47'),
(200, 10073, '127.0.0.1', 1, '2018-12-02 17:31:38'),
(201, 10073, '::1', 1, '2018-12-03 09:09:06'),
(202, 10073, '::1', 1, '2018-12-03 14:46:52'),
(203, 10073, '::1', 1, '2018-12-03 16:16:49'),
(204, 10073, '::1', 1, '2018-12-03 17:19:40'),
(205, 10073, '::1', 1, '2018-12-06 10:24:50'),
(206, 10073, '::1', 1, '2018-12-06 11:54:37'),
(207, 10073, '::1', 1, '2018-12-06 12:45:52'),
(208, 10073, '::1', 1, '2018-12-06 16:08:24'),
(209, 10073, '::1', 1, '2018-12-06 16:54:03'),
(210, 10073, '::1', 1, '2018-12-07 09:45:05'),
(211, 10073, '::1', 1, '2018-12-07 13:32:50'),
(212, 10073, '::1', 1, '2018-12-07 18:23:25'),
(213, 10073, '::1', 1, '2018-12-09 14:12:34'),
(214, 10073, '::1', 1, '2018-12-09 14:13:15'),
(215, 10073, '::1', 1, '2018-12-09 14:27:18'),
(216, 10073, '::1', 1, '2018-12-09 14:37:57'),
(217, 10073, '::1', 1, '2018-12-09 14:44:58'),
(218, 10073, '::1', 1, '2018-12-09 14:46:20'),
(219, 10073, '::1', 1, '2018-12-09 14:47:04'),
(220, 10073, '::1', 1, '2018-12-09 14:55:40'),
(221, 10073, '::1', 1, '2018-12-09 14:55:58'),
(222, 10073, '::1', 1, '2018-12-09 14:56:31'),
(223, 10073, '::1', 1, '2018-12-09 15:03:50'),
(224, 10073, '::1', 1, '2018-12-09 15:25:28'),
(225, 10073, '::1', 1, '2018-12-09 15:34:01'),
(226, 10073, '::1', 1, '2018-12-09 15:35:28'),
(227, 10073, '::1', 1, '2018-12-09 15:36:08'),
(228, 10073, '::1', 1, '2018-12-09 15:37:42'),
(229, 10073, '::1', 1, '2018-12-09 15:38:27'),
(230, 10073, '::1', 1, '2018-12-09 15:38:31'),
(231, 10073, '::1', 1, '2018-12-09 15:39:32'),
(232, 10073, '::1', 1, '2018-12-09 15:39:43'),
(233, 10073, '::1', 1, '2018-12-09 15:40:14'),
(234, 10073, '::1', 1, '2018-12-09 15:44:49'),
(235, 10073, '::1', 1, '2018-12-10 08:19:57'),
(236, 10073, '::1', 1, '2018-12-10 08:20:08'),
(237, 10073, '::1', 1, '2018-12-10 08:23:34'),
(238, 10073, '::1', 1, '2018-12-10 08:24:23'),
(239, 10073, '::1', 1, '2018-12-10 08:25:07'),
(240, 10073, '::1', 1, '2018-12-10 08:28:57'),
(241, 10073, '::1', 1, '2018-12-10 08:29:10'),
(242, 10073, '::1', 1, '2018-12-10 08:29:34'),
(243, 10073, '::1', 1, '2018-12-10 08:31:13'),
(244, 10073, '::1', 1, '2018-12-10 08:34:12'),
(245, 10073, '::1', 1, '2018-12-10 08:35:58'),
(246, 10073, '::1', 1, '2018-12-10 08:36:29'),
(247, 10073, '::1', 1, '2018-12-10 08:42:56'),
(248, 10073, '::1', 1, '2018-12-10 08:43:31'),
(249, 10073, '::1', 1, '2018-12-10 08:45:31'),
(250, 10073, '::1', 1, '2018-12-10 08:49:58'),
(251, 10073, '::1', 1, '2018-12-10 08:52:33'),
(252, 10073, '::1', 1, '2018-12-10 08:54:06'),
(253, 10073, '::1', 1, '2018-12-10 08:57:53'),
(254, 10073, '::1', 1, '2018-12-10 12:50:14'),
(255, 10073, '::1', 1, '2018-12-10 12:50:27'),
(256, 10073, '::1', 1, '2018-12-10 14:51:59'),
(257, 10073, '::1', 1, '2018-12-10 17:08:01'),
(258, 10073, '::1', 1, '2018-12-11 08:21:49'),
(259, 10073, '::1', 1, '2018-12-12 09:02:50'),
(260, 10073, '::1', 1, '2018-12-12 09:24:01'),
(261, 10073, '::1', 1, '2018-12-12 11:59:37'),
(262, 10073, '::1', 1, '2018-12-12 12:12:44'),
(263, 10073, '::1', 1, '2018-12-12 12:14:15'),
(264, 10073, '::1', 1, '2018-12-12 12:24:19'),
(265, 10073, '::1', 1, '2018-12-12 13:52:44'),
(266, 10073, '::1', 1, '2018-12-12 18:24:12'),
(267, 10073, '::1', 1, '2018-12-13 08:03:41'),
(268, 10073, '::1', 1, '2018-12-13 09:11:46'),
(269, 10073, '::1', 1, '2018-12-13 10:15:03'),
(270, 10073, '::1', 1, '2018-12-13 12:14:28'),
(271, 10073, '::1', 1, '2018-12-13 15:43:41'),
(272, 10073, '::1', 1, '2018-12-13 16:46:08'),
(273, 10073, '::1', 1, '2018-12-15 08:39:48'),
(274, 10073, '::1', 1, '2018-12-15 09:34:59'),
(275, 10073, '::1', 1, '2018-12-17 17:21:03'),
(276, 10073, '::1', 1, '2018-12-17 17:51:35'),
(277, 10073, '::1', 1, '2018-12-17 17:52:41'),
(278, 10073, '::1', 1, '2018-12-17 18:04:29'),
(279, 10073, '::1', 1, '2018-12-17 20:29:18'),
(280, 10073, '::1', 1, '2018-12-17 20:33:10'),
(281, 10073, '::1', 1, '2018-12-17 20:37:20'),
(282, 10073, '::1', 1, '2018-12-17 20:50:20'),
(283, 10073, '::1', 1, '2018-12-17 20:53:21'),
(284, 10073, '::1', 1, '2018-12-17 20:55:09'),
(285, 10087, '::1', 1, '2018-12-18 10:02:08'),
(286, 10087, '::1', 1, '2018-12-18 10:52:35'),
(287, 10073, '::1', 1, '2018-12-18 11:56:48'),
(288, 10087, '::1', 1, '2018-12-18 11:57:00'),
(289, 10073, '::1', 1, '2018-12-18 14:22:21'),
(290, 10087, '::1', 1, '2018-12-18 14:22:45'),
(291, 10087, '::1', 1, '2018-12-18 15:52:05'),
(292, 10073, '::1', 1, '2018-12-18 16:46:39'),
(293, 10073, '92.185.215.58', 1, '2018-12-19 17:39:38'),
(297, 10073, '62.43.224.151', 1, '2018-12-20 16:40:45'),
(298, 10073, '92.185.215.58', 1, '2018-12-21 00:37:12'),
(299, 10073, '92.185.215.58', 1, '2018-12-21 00:38:03'),
(300, 10073, '92.185.215.58', 1, '2018-12-21 02:01:02'),
(301, 10073, '92.185.215.58', 1, '2018-12-21 02:01:39'),
(302, 10073, '92.185.215.58', 1, '2018-12-21 02:07:08'),
(303, 10073, '92.185.215.58', 1, '2018-12-21 02:07:20'),
(304, 10073, '92.185.215.58', 1, '2018-12-21 02:07:31'),
(307, 10073, '92.185.215.58', 1, '2018-12-22 17:13:19'),
(308, 10073, '92.185.215.58', 1, '2018-12-22 19:50:23'),
(309, 10073, '92.185.215.58', 1, '2018-12-22 21:15:53'),
(310, 10073, '92.185.215.58', 1, '2018-12-26 02:16:35'),
(316, 10073, '81.104.91.53', 1, '2019-01-19 16:07:49'),
(322, 10073, '88.19.184.121', 1, '2019-01-20 01:57:20');

-- --------------------------------------------------------

--
-- Table structure for table `field_resource`
--

CREATE TABLE `field_resource` (
  `resource_id` int(11) NOT NULL,
  `growing` int(11) NOT NULL DEFAULT '1',
  `effectiveness` int(11) NOT NULL DEFAULT '50',
  `prepared` tinyint(1) NOT NULL DEFAULT '1' COMMENT 'The field is prepared to produce this year'
) ENGINE=InnoDB DEFAULT CHARSET=utf8 COLLATE=utf8_spanish_ci;

--
-- Dumping data for table `field_resource`
--

INSERT INTO `field_resource` (`resource_id`, `growing`, `effectiveness`, `prepared`) VALUES
(1033, 1, 50, 1),
(1035, 1, 50, 1),
(1040, 1, 50, 1),
(1043, 1, 50, 1),
(1047, 1, 50, 1),
(1050, 1, 50, 1),
(1052, 1, 50, 1),
(1058, 1, 50, 1),
(1066, 3, 50, 1),
(1067, 1, 50, 1),
(1068, 1, 50, 1),
(1069, 1, 50, 1),
(1075, 1, 50, 1),
(1077, 1, 50, 1),
(1080, 1, 50, 1),
(1081, 1, 50, 1),
(1084, 1, 50, 1),
(1085, 1, 50, 1),
(1089, 1, 50, 1),
(1095, 1, 50, 1),
(1097, 1, 50, 1),
(1101, 1, 50, 1),
(1102, 1, 50, 1),
(1107, 1, 50, 1),
(1117, 1, 50, 1),
(1119, 1, 50, 1),
(1122, 1, 50, 1),
(1130, 1, 50, 1),
(1133, 1, 50, 1),
(1137, 1, 50, 1),
(1140, 1, 50, 1),
(1147, 1, 50, 1),
(1159, 1, 50, 1),
(1162, 1, 50, 1),
(1163, 1, 50, 1),
(1165, 1, 50, 1),
(1169, 1, 50, 1),
(1174, 1, 50, 1),
(1183, 1, 50, 1),
(1185, 1, 50, 1),
(1190, 1, 50, 1),
(1191, 1, 50, 1),
(1195, 1, 50, 1),
(1197, 1, 50, 1),
(1199, 1, 50, 1),
(1200, 1, 50, 1),
(1206, 1, 50, 1),
(1208, 1, 50, 1),
(1209, 1, 50, 1),
(1212, 1, 50, 1),
(1214, 1, 50, 1),
(1215, 1, 50, 1),
(1216, 1, 50, 1),
(1219, 1, 50, 1),
(1222, 1, 50, 1),
(1225, 1, 50, 1),
(1227, 1, 50, 1),
(1232, 1, 50, 1),
(1235, 1, 50, 1),
(1236, 1, 50, 1),
(1237, 1, 50, 1),
(1238, 1, 50, 1),
(1240, 1, 50, 1),
(1245, 1, 50, 1),
(1253, 1, 50, 1),
(1254, 1, 50, 1),
(1255, 1, 50, 1),
(1256, 1, 50, 1),
(1258, 1, 50, 1),
(1265, 1, 50, 1),
(1268, 1, 50, 1),
(1273, 1, 50, 1),
(1280, 1, 50, 1),
(1288, 1, 50, 1),
(1290, 1, 50, 1),
(1292, 1, 50, 1),
(1295, 1, 50, 1),
(1297, 1, 50, 1),
(1300, 1, 50, 1),
(1307, 1, 50, 1),
(1309, 1, 50, 1),
(1313, 1, 50, 1),
(1314, 1, 50, 1),
(1319, 1, 50, 1),
(1339, 1, 50, 1),
(1340, 1, 50, 1),
(1342, 1, 50, 1),
(1344, 1, 50, 1),
(1349, 1, 50, 1),
(1353, 1, 50, 1),
(1356, 1, 50, 1),
(1359, 1, 50, 1),
(1360, 1, 50, 1),
(1362, 1, 50, 1),
(1363, 1, 50, 1),
(1364, 1, 50, 1),
(1366, 1, 50, 1),
(1368, 1, 50, 1),
(1369, 1, 50, 1),
(1371, 1, 50, 1),
(1374, 1, 50, 1),
(1375, 1, 50, 1),
(1377, 1, 50, 1),
(1378, 1, 50, 1),
(1386, 1, 50, 1),
(1387, 1, 50, 1),
(1390, 1, 50, 1),
(1395, 1, 50, 1),
(1397, 1, 50, 1),
(1398, 1, 50, 1),
(1404, 1, 50, 1),
(1410, 1, 50, 1),
(1412, 1, 50, 1),
(1413, 1, 50, 1),
(1414, 1, 50, 1),
(1415, 1, 50, 1),
(1420, 1, 50, 1),
(1421, 1, 50, 1),
(1426, 1, 50, 1),
(1429, 1, 50, 1),
(1433, 1, 50, 1),
(1440, 1, 50, 1),
(1443, 1, 50, 1),
(1444, 1, 50, 1),
(1458, 1, 100, 1),
(1460, 1, 100, 1),
(1464, 1, 100, 1),
(1466, 1, 100, 1),
(1468, 1, 100, 1),
(1470, 1, 100, 1),
(1472, 1, 100, 1),
(1488, 1, 50, 1),
(1490, 1, 50, 1),
(1492, 1, 50, 1),
(1494, 1, 50, 1),
(1496, 1, 50, 1),
(1500, 1, 50, 1),
(1504, 1, 50, 1),
(1506, 1, 50, 1),
(1508, 1, 50, 1),
(1510, 1, 50, 1),
(1512, 1, 50, 1);

-- --------------------------------------------------------

--
-- Table structure for table `field_resource_info`
--

CREATE TABLE `field_resource_info` (
  `id` int(11) NOT NULL,
  `field_resource` varchar(16) COLLATE utf8_spanish_ci NOT NULL,
  `start` int(11) NOT NULL,
  `end` int(11) NOT NULL
) ENGINE=InnoDB DEFAULT CHARSET=utf8 COLLATE=utf8_spanish_ci;

--
-- Dumping data for table `field_resource_info`
--

INSERT INTO `field_resource_info` (`id`, `field_resource`, `start`, `end`) VALUES
(1, 'cattle_raising', 1, 12),
(2, 'grain', 7, 9),
(3, 'grapevine', 8, 10);

-- --------------------------------------------------------

--
-- Table structure for table `gardens`
--

CREATE TABLE `gardens` (
  `id` int(11) NOT NULL,
  `building_id` int(11) NOT NULL,
  `growing` int(11) NOT NULL,
  `effectiveness` int(11) NOT NULL,
  `prepared` int(11) NOT NULL
) ENGINE=InnoDB DEFAULT CHARSET=utf8 COLLATE=utf8_spanish_ci;

-- --------------------------------------------------------

--
-- Table structure for table `garden_growing_info`
--

CREATE TABLE `garden_growing_info` (
  `id` int(11) NOT NULL,
  `name` int(11) NOT NULL,
  `start` int(11) NOT NULL,
  `end` int(11) NOT NULL
) ENGINE=InnoDB DEFAULT CHARSET=utf8 COLLATE=utf8_spanish_ci;

-- --------------------------------------------------------

--
-- Table structure for table `hierarchy`
--

CREATE TABLE `hierarchy` (
  `id` int(11) NOT NULL,
  `vassal_id` int(11) NOT NULL,
  `lord_id` int(11) NOT NULL
) ENGINE=InnoDB DEFAULT CHARSET=utf8 COLLATE=utf8_spanish_ci;

--
-- Dumping data for table `hierarchy`
--

INSERT INTO `hierarchy` (`id`, `vassal_id`, `lord_id`) VALUES
(0, 10006, 10001);

-- --------------------------------------------------------

--
-- Table structure for table `item_info`
--

CREATE TABLE `item_info` (
  `id` int(11) NOT NULL,
  `name` varchar(16) COLLATE utf8_spanish_ci NOT NULL,
  `effort` int(11) DEFAULT NULL,
  `building` int(11) DEFAULT NULL
) ENGINE=InnoDB DEFAULT CHARSET=utf8 COLLATE=utf8_spanish_ci;

--
-- Dumping data for table `item_info`
--

INSERT INTO `item_info` (`id`, `name`, `effort`, `building`) VALUES
(1, 'Dinero', NULL, NULL),
(2, 'Madera', NULL, NULL),
(3, 'Arcilla', NULL, NULL),
(4, 'Hierro', NULL, NULL),
(5, 'Cobre', NULL, NULL),
(6, 'Plata', NULL, NULL),
(7, 'Oro', NULL, NULL),
(8, 'Piedra', NULL, NULL),
(9, 'Trigo', NULL, NULL),
(10, 'Uva', NULL, NULL),
(11, 'Aceituna', NULL, NULL),
(12, 'Fruta', NULL, NULL),
(13, 'Legumbres', NULL, NULL),
(14, 'Verdura', NULL, NULL),
(15, 'Carne', NULL, NULL),
(16, 'Pescado', NULL, NULL),
(17, 'Especias', NULL, NULL),
(18, 'Leche', NULL, NULL),
(19, 'Cuero', NULL, NULL),
(20, 'Lana', NULL, NULL),
(21, 'Piel', NULL, NULL),
(22, 'Agua', NULL, NULL),
(23, 'Pan', 10, 3),
(24, 'Gachas', 10, 3),
(25, 'avena', NULL, NULL);

-- --------------------------------------------------------

--
-- Table structure for table `item_recipes`
--

CREATE TABLE `item_recipes` (
  `id` int(11) NOT NULL,
  `item_id` int(11) NOT NULL,
  `ingredient_id` int(11) NOT NULL,
  `quantity` int(11) NOT NULL
) ENGINE=InnoDB DEFAULT CHARSET=utf8 COLLATE=utf8_spanish_ci;

--
-- Dumping data for table `item_recipes`
--

INSERT INTO `item_recipes` (`id`, `item_id`, `ingredient_id`, `quantity`) VALUES
(1, 24, 25, 1),
(2, 24, 22, 1),
(3, 24, 13, 1),
(4, 23, 9, 2);

-- --------------------------------------------------------

--
-- Table structure for table `kingdoms`
--

CREATE TABLE `kingdoms` (
  `id` int(11) NOT NULL,
  `name` varchar(32) COLLATE utf8_spanish_ci NOT NULL
) ENGINE=InnoDB DEFAULT CHARSET=utf8 COLLATE=utf8_spanish_ci;

--
-- Dumping data for table `kingdoms`
--

INSERT INTO `kingdoms` (`id`, `name`) VALUES
(1, 'Reino de los Francos'),
(2, 'Reino de Asturias'),
(3, 'Califato Omeya');

-- --------------------------------------------------------

--
-- Table structure for table `land_resources`
--

CREATE TABLE `land_resources` (
  `id` int(11) NOT NULL,
  `resource` int(11) NOT NULL,
  `region_id` int(11) NOT NULL,
  `level` int(11) NOT NULL DEFAULT '1',
  `status` int(11) NOT NULL DEFAULT '100',
  `manual_limit` int(11) DEFAULT NULL,
  `owner_id` int(11) DEFAULT '-1',
  `duchy_tax` int(11) NOT NULL DEFAULT '0',
  `royal_tax` int(11) NOT NULL DEFAULT '0',
  `town_id` int(11) DEFAULT NULL COMMENT 'Associated town'
) ENGINE=InnoDB DEFAULT CHARSET=utf8 COLLATE=utf8_spanish_ci;

--
-- Dumping data for table `land_resources`
--

INSERT INTO `land_resources` (`id`, `resource`, `region_id`, `level`, `status`, `manual_limit`, `owner_id`, `duchy_tax`, `royal_tax`, `town_id`) VALUES
(1031, 3, 100, 2, 100, 150, 10073, 0, 0, NULL),
(1032, 3, 100, 1, 100, NULL, -1, 0, 0, NULL),
(1033, 1, 100, 1, 100, NULL, -1, 0, 0, NULL),
(1034, 2, 100, 1, 100, NULL, -1, 0, 0, NULL),
(1035, 1, 100, 1, 100, NULL, -1, 0, 0, NULL),
(1036, 3, 100, 1, 100, NULL, -1, 0, 0, 1000),
(1037, 9, 100, 1, 100, NULL, -1, 0, 0, 1001),
(1038, 2, 100, 1, 100, NULL, -1, 0, 0, 1002),
(1039, 9, 100, 1, 100, NULL, -1, 0, 0, 1003),
(1040, 1, 100, 1, 100, NULL, -1, 0, 0, 1004),
(1041, 9, 101, 1, 100, NULL, -1, 0, 0, NULL),
(1042, 2, 101, 1, 100, NULL, -1, 0, 0, NULL),
(1043, 1, 101, 1, 100, NULL, -1, 0, 0, NULL),
(1044, 7, 101, 1, 100, NULL, -1, 0, 0, NULL),
(1045, 9, 101, 1, 100, NULL, -1, 0, 0, NULL),
(1046, 5, 101, 1, 100, NULL, -1, 0, 0, 1010),
(1047, 1, 101, 1, 100, NULL, -1, 0, 0, 1011),
(1048, 9, 101, 1, 100, NULL, -1, 0, 0, 1012),
(1049, 2, 101, 1, 100, NULL, -1, 0, 0, 1013),
(1050, 1, 101, 1, 100, NULL, -1, 0, 0, 1014),
(1051, 4, 102, 1, 100, NULL, -1, 0, 0, NULL),
(1052, 1, 102, 1, 100, NULL, -1, 0, 0, NULL),
(1053, 4, 102, 1, 100, NULL, -1, 0, 0, NULL),
(1054, 4, 102, 1, 100, NULL, -1, 0, 0, NULL),
(1055, 6, 102, 1, 100, NULL, -1, 0, 0, NULL),
(1056, 2, 102, 1, 100, NULL, -1, 0, 0, 1020),
(1057, 4, 102, 1, 100, NULL, -1, 0, 0, 1021),
(1058, 1, 102, 1, 100, NULL, -1, 0, 0, 1022),
(1059, 9, 102, 1, 100, NULL, -1, 0, 0, 1023),
(1060, 9, 102, 1, 100, NULL, -1, 0, 0, 1024),
(1061, 3, 103, 1, 100, NULL, -1, 0, 0, NULL),
(1062, 3, 103, 1, 100, NULL, -1, 0, 0, NULL),
(1063, 2, 103, 1, 100, NULL, -1, 0, 0, NULL),
(1064, 2, 103, 1, 100, NULL, -1, 0, 0, NULL),
(1065, 9, 103, 1, 100, NULL, -1, 0, 0, NULL),
(1066, 1, 103, 1, 100, NULL, 10073, 0, 0, 1030),
(1067, 1, 103, 1, 100, NULL, -1, 0, 0, 1031),
(1068, 1, 103, 1, 100, NULL, 10006, 0, 0, 1032),
(1069, 1, 103, 1, 100, NULL, 10073, 0, 0, 1033),
(1070, 3, 103, 1, 100, NULL, 10073, 0, 0, 1034),
(1071, 2, 104, 1, 100, NULL, -1, 0, 0, NULL),
(1072, 2, 104, 1, 100, NULL, -1, 0, 0, NULL),
(1073, 2, 104, 1, 100, NULL, -1, 0, 0, NULL),
(1074, 2, 104, 1, 100, NULL, -1, 0, 0, NULL),
(1075, 1, 104, 1, 100, NULL, -1, 0, 0, NULL),
(1076, 2, 104, 1, 100, NULL, -1, 0, 0, 1040),
(1077, 1, 104, 1, 100, NULL, -1, 0, 0, 1041),
(1078, 8, 104, 1, 100, NULL, -1, 0, 0, 1042),
(1079, 9, 104, 1, 100, NULL, -1, 0, 0, 1043),
(1080, 1, 104, 1, 100, NULL, -1, 0, 0, 1044),
(1081, 1, 105, 1, 100, NULL, -1, 0, 0, NULL),
(1082, 9, 105, 1, 100, NULL, -1, 0, 0, NULL),
(1083, 2, 105, 1, 100, NULL, -1, 0, 0, NULL),
(1084, 1, 105, 1, 100, NULL, -1, 0, 0, NULL),
(1085, 1, 105, 1, 100, NULL, -1, 0, 0, NULL),
(1086, 9, 105, 1, 100, NULL, -1, 0, 0, 1050),
(1087, 9, 105, 1, 100, NULL, -1, 0, 0, 1051),
(1088, 9, 105, 1, 100, NULL, -1, 0, 0, 1052),
(1089, 1, 105, 1, 100, NULL, -1, 0, 0, 1053),
(1090, 2, 105, 1, 100, NULL, -1, 0, 0, 1054),
(1091, 3, 106, 1, 100, NULL, -1, 0, 0, NULL),
(1092, 3, 106, 1, 100, NULL, -1, 0, 0, NULL),
(1093, 2, 106, 1, 100, NULL, -1, 0, 0, NULL),
(1094, 2, 106, 1, 100, NULL, -1, 0, 0, NULL),
(1095, 1, 106, 1, 100, NULL, -1, 0, 0, NULL),
(1096, 2, 106, 1, 100, NULL, -1, 0, 0, 1060),
(1097, 1, 106, 1, 100, NULL, NULL, 0, 0, 1061),
(1098, 3, 106, 1, 100, NULL, -1, 0, 0, 1062),
(1099, 9, 106, 1, 100, NULL, -1, 0, 0, 1063),
(1100, 2, 106, 1, 100, NULL, -1, 0, 0, 1064),
(1101, 1, 107, 1, 100, NULL, -1, 0, 0, NULL),
(1102, 1, 107, 1, 100, NULL, -1, 0, 0, NULL),
(1103, 8, 107, 1, 100, NULL, -1, 0, 0, NULL),
(1104, 9, 107, 1, 100, NULL, -1, 0, 0, NULL),
(1105, 2, 107, 1, 100, NULL, -1, 0, 0, NULL),
(1106, 10, 107, 1, 100, NULL, -1, 0, 0, 1070),
(1107, 1, 107, 1, 100, NULL, -1, 0, 0, 1071),
(1108, 9, 107, 1, 100, NULL, -1, 0, 0, 1072),
(1109, 4, 107, 1, 100, NULL, -1, 0, 0, 1073),
(1110, 7, 107, 1, 100, NULL, -1, 0, 0, 1074),
(1111, 3, 108, 1, 100, NULL, -1, 0, 0, NULL),
(1112, 3, 108, 1, 100, NULL, -1, 0, 0, NULL),
(1113, 2, 108, 1, 100, NULL, -1, 0, 0, NULL),
(1114, 9, 108, 1, 100, NULL, -1, 0, 0, NULL),
(1115, 3, 108, 1, 100, NULL, -1, 0, 0, NULL),
(1116, 2, 108, 1, 100, NULL, -1, 0, 0, 1080),
(1117, 1, 108, 1, 100, NULL, -1, 0, 0, 1081),
(1118, 3, 108, 1, 100, NULL, -1, 0, 0, 1082),
(1119, 1, 108, 1, 100, NULL, -1, 0, 0, 1083),
(1120, 2, 108, 1, 100, NULL, -1, 0, 0, 1084),
(1121, 9, 109, 1, 100, NULL, -1, 0, 0, NULL),
(1122, 1, 109, 1, 100, NULL, -1, 0, 0, NULL),
(1123, 9, 109, 1, 100, NULL, -1, 0, 0, NULL),
(1124, 7, 109, 1, 100, NULL, -1, 0, 0, NULL),
(1125, 6, 109, 1, 100, NULL, -1, 0, 0, NULL),
(1126, 9, 109, 1, 100, NULL, NULL, 0, 0, 1090),
(1127, 9, 109, 1, 100, NULL, -1, 0, 0, 1091),
(1128, 9, 109, 1, 100, NULL, -1, 0, 0, 1092),
(1129, 6, 109, 1, 100, NULL, NULL, 0, 0, 1093),
(1130, 1, 109, 1, 100, NULL, -1, 0, 0, 1094),
(1131, 9, 200, 1, 100, NULL, -1, 0, 0, NULL),
(1132, 4, 200, 1, 100, NULL, -1, 0, 0, NULL),
(1133, 1, 200, 1, 100, NULL, -1, 0, 0, NULL),
(1134, 10, 200, 1, 100, NULL, -1, 0, 0, NULL),
(1135, 5, 200, 1, 100, NULL, -1, 0, 0, NULL),
(1136, 9, 200, 1, 100, NULL, -1, 0, 0, 2000),
(1137, 1, 200, 1, 100, NULL, -1, 0, 0, 2001),
(1138, 9, 200, 1, 100, NULL, NULL, 0, 0, 2002),
(1139, 10, 200, 1, 100, NULL, -1, 0, 0, 2003),
(1140, 1, 200, 1, 100, NULL, -1, 0, 0, 2004),
(1141, 9, 201, 1, 100, NULL, -1, 0, 0, NULL),
(1142, 4, 201, 1, 100, NULL, -1, 0, 0, NULL),
(1143, 7, 201, 1, 100, NULL, -1, 0, 0, NULL),
(1144, 9, 201, 1, 100, NULL, -1, 0, 0, NULL),
(1145, 10, 201, 1, 100, NULL, -1, 0, 0, NULL),
(1146, 5, 201, 2, 100, 0, 10087, 0, 0, 2010),
(1147, 1, 201, 1, 100, NULL, -1, 0, 0, 2011),
(1148, 2, 201, 1, 100, NULL, -1, 0, 0, 2012),
(1149, 4, 201, 1, 100, NULL, -1, 0, 0, 2013),
(1150, 7, 201, 1, 100, NULL, -1, 0, 0, 2014),
(1151, 2, 202, 1, 100, NULL, -1, 0, 0, NULL),
(1152, 2, 202, 1, 100, NULL, -1, 0, 0, NULL),
(1153, 6, 202, 1, 100, NULL, -1, 0, 0, NULL),
(1154, 9, 202, 1, 100, NULL, -1, 0, 0, NULL),
(1155, 9, 202, 1, 100, NULL, -1, 0, 0, NULL),
(1156, 6, 202, 1, 100, NULL, -1, 0, 0, 2020),
(1157, 6, 202, 1, 100, NULL, -1, 0, 0, 2021),
(1158, 9, 202, 1, 100, NULL, -1, 0, 0, 2022),
(1159, 1, 202, 1, 100, NULL, -1, 0, 0, 2023),
(1160, 9, 202, 1, 100, NULL, -1, 0, 0, 2024),
(1161, 8, 203, 1, 100, NULL, -1, 0, 0, NULL),
(1162, 1, 203, 1, 100, NULL, -1, 0, 0, NULL),
(1163, 1, 203, 1, 100, NULL, -1, 0, 0, NULL),
(1164, 9, 203, 1, 100, NULL, -1, 0, 0, NULL),
(1165, 1, 203, 1, 100, NULL, -1, 0, 0, NULL),
(1166, 9, 203, 1, 100, NULL, -1, 0, 0, 2030),
(1167, 9, 203, 1, 100, NULL, -1, 0, 0, 2031),
(1168, 4, 203, 1, 100, NULL, -1, 0, 0, 2032),
(1169, 1, 203, 1, 100, NULL, -1, 0, 0, 2033),
(1170, 2, 203, 1, 100, NULL, -1, 0, 0, 2034),
(1171, 3, 204, 1, 100, NULL, -1, 0, 0, NULL),
(1172, 3, 204, 1, 100, NULL, -1, 0, 0, NULL),
(1173, 3, 204, 1, 100, NULL, -1, 0, 0, NULL),
(1174, 1, 204, 1, 100, NULL, -1, 0, 0, NULL),
(1175, 2, 204, 1, 100, NULL, -1, 0, 0, NULL),
(1176, 3, 204, 1, 100, NULL, -1, 0, 0, 2040),
(1177, 2, 204, 1, 100, NULL, -1, 0, 0, 2041),
(1178, 3, 204, 1, 100, NULL, -1, 0, 0, 2042),
(1179, 2, 204, 1, 100, NULL, -1, 0, 0, 2043),
(1180, 2, 204, 1, 100, NULL, NULL, 0, 0, 2044),
(1181, 3, 205, 1, 100, NULL, -1, 0, 0, NULL),
(1182, 3, 205, 1, 100, NULL, -1, 0, 0, NULL),
(1183, 1, 205, 1, 100, NULL, -1, 0, 0, NULL),
(1184, 3, 205, 1, 100, NULL, -1, 0, 0, NULL),
(1185, 1, 205, 1, 100, NULL, -1, 0, 0, NULL),
(1186, 2, 205, 1, 100, NULL, -1, 0, 0, 2050),
(1187, 9, 205, 1, 100, NULL, -1, 0, 0, 2051),
(1188, 2, 205, 1, 100, NULL, -1, 0, 0, 2052),
(1189, 9, 205, 1, 100, NULL, -1, 0, 0, 2053),
(1190, 1, 205, 1, 100, NULL, NULL, 0, 0, 2054),
(1191, 1, 206, 1, 100, NULL, -1, 0, 0, NULL),
(1192, 6, 206, 1, 100, NULL, -1, 0, 0, NULL),
(1193, 5, 206, 1, 100, NULL, -1, 0, 0, NULL),
(1194, 2, 206, 1, 100, NULL, -1, 0, 0, NULL),
(1195, 1, 206, 1, 100, NULL, -1, 0, 0, NULL),
(1196, 2, 206, 1, 100, NULL, 10074, 0, 0, 2060),
(1197, 1, 206, 1, 100, NULL, -1, 0, 0, 2061),
(1198, 5, 206, 1, 100, NULL, -1, 0, 0, 2062),
(1199, 1, 206, 1, 100, NULL, -1, 0, 0, 2063),
(1200, 1, 206, 1, 100, NULL, -1, 0, 0, 2064),
(1201, 3, 300, 1, 100, NULL, -1, 0, 0, NULL),
(1202, 3, 300, 1, 100, NULL, -1, 0, 0, NULL),
(1203, 6, 300, 1, 100, NULL, -1, 0, 0, NULL),
(1204, 3, 300, 1, 100, NULL, -1, 0, 0, NULL),
(1205, 3, 300, 1, 100, NULL, -1, 0, 0, NULL),
(1206, 1, 301, 1, 100, NULL, -1, 0, 0, NULL),
(1207, 9, 301, 1, 100, NULL, -1, 0, 0, NULL),
(1208, 1, 301, 1, 100, NULL, -1, 0, 0, NULL),
(1209, 1, 301, 1, 100, NULL, -1, 0, 0, NULL),
(1210, 10, 301, 1, 100, NULL, -1, 0, 0, NULL),
(1211, 2, 302, 1, 100, NULL, -1, 0, 0, NULL),
(1212, 1, 302, 1, 100, NULL, -1, 0, 0, NULL),
(1213, 2, 302, 1, 100, NULL, -1, 0, 0, NULL),
(1214, 1, 302, 1, 100, NULL, -1, 0, 0, NULL),
(1215, 1, 302, 1, 100, NULL, -1, 0, 0, NULL),
(1216, 1, 303, 1, 100, NULL, -1, 0, 0, NULL),
(1217, 9, 303, 1, 100, NULL, -1, 0, 0, NULL),
(1218, 9, 303, 1, 100, NULL, -1, 0, 0, NULL),
(1219, 1, 303, 1, 100, NULL, -1, 0, 0, NULL),
(1220, 7, 303, 1, 100, NULL, -1, 0, 0, NULL),
(1221, 2, 304, 1, 100, NULL, -1, 0, 0, NULL),
(1222, 1, 304, 1, 100, NULL, -1, 0, 0, NULL),
(1223, 8, 304, 1, 100, NULL, -1, 0, 0, NULL),
(1224, 9, 304, 1, 100, NULL, -1, 0, 0, NULL),
(1225, 1, 304, 1, 100, NULL, -1, 0, 0, NULL),
(1226, 10, 305, 1, 100, NULL, -1, 0, 0, NULL),
(1227, 1, 305, 1, 100, NULL, -1, 0, 0, NULL),
(1228, 4, 305, 1, 100, NULL, -1, 0, 0, NULL),
(1229, 2, 305, 1, 100, NULL, -1, 0, 0, NULL),
(1230, 9, 305, 1, 100, NULL, -1, 0, 0, NULL),
(1231, 10, 306, 1, 100, NULL, -1, 0, 0, NULL),
(1232, 1, 306, 1, 100, NULL, -1, 0, 0, NULL),
(1233, 2, 306, 1, 100, NULL, -1, 0, 0, NULL),
(1234, 10, 306, 1, 100, NULL, -1, 0, 0, NULL),
(1235, 1, 306, 1, 100, NULL, -1, 0, 0, NULL),
(1236, 1, 307, 1, 100, NULL, -1, 0, 0, NULL),
(1237, 1, 307, 1, 100, NULL, -1, 0, 0, NULL),
(1238, 1, 307, 1, 100, NULL, -1, 0, 0, NULL),
(1239, 10, 307, 1, 100, NULL, -1, 0, 0, NULL),
(1240, 1, 307, 1, 100, NULL, -1, 0, 0, NULL),
(1241, 9, 308, 1, 100, NULL, -1, 0, 0, NULL),
(1242, 2, 308, 1, 100, NULL, -1, 0, 0, NULL),
(1243, 9, 308, 1, 100, NULL, -1, 0, 0, NULL),
(1244, 9, 308, 1, 100, NULL, -1, 0, 0, NULL),
(1245, 1, 308, 1, 100, NULL, -1, 0, 0, NULL),
(1246, 3, 309, 1, 100, NULL, -1, 0, 0, NULL),
(1247, 3, 309, 1, 100, NULL, -1, 0, 0, NULL),
(1248, 2, 309, 1, 100, NULL, -1, 0, 0, NULL),
(1249, 3, 309, 1, 100, NULL, -1, 0, 0, NULL),
(1250, 3, 309, 1, 100, NULL, -1, 0, 0, NULL),
(1251, 3, 310, 1, 100, NULL, -1, 0, 0, NULL),
(1252, 3, 310, 1, 100, NULL, -1, 0, 0, NULL),
(1253, 1, 310, 1, 100, NULL, -1, 0, 0, NULL),
(1254, 1, 310, 1, 100, NULL, -1, 0, 0, NULL),
(1255, 1, 310, 1, 100, NULL, -1, 0, 0, NULL),
(1256, 1, 311, 1, 100, NULL, -1, 0, 0, NULL),
(1257, 2, 311, 1, 100, NULL, -1, 0, 0, NULL),
(1258, 1, 311, 1, 100, NULL, -1, 0, 0, NULL),
(1259, 9, 311, 1, 100, NULL, -1, 0, 0, NULL),
(1260, 4, 311, 1, 100, NULL, -1, 0, 0, NULL),
(1261, 3, 312, 1, 100, NULL, -1, 0, 0, NULL),
(1262, 3, 312, 1, 100, NULL, -1, 0, 0, NULL),
(1263, 2, 312, 1, 100, NULL, -1, 0, 0, NULL),
(1264, 9, 312, 1, 100, NULL, -1, 0, 0, NULL),
(1265, 1, 312, 1, 100, NULL, -1, 0, 0, NULL),
(1266, 3, 313, 1, 100, NULL, -1, 0, 0, NULL),
(1267, 3, 313, 1, 100, NULL, -1, 0, 0, NULL),
(1268, 1, 313, 1, 100, NULL, -1, 0, 0, NULL),
(1269, 3, 313, 1, 100, NULL, -1, 0, 0, NULL),
(1270, 9, 313, 1, 100, NULL, -1, 0, 0, NULL),
(1271, 3, 400, 1, 100, NULL, -1, 0, 0, NULL),
(1272, 3, 400, 1, 100, NULL, -1, 0, 0, NULL),
(1273, 1, 400, 1, 100, NULL, -1, 0, 0, NULL),
(1274, 2, 400, 1, 100, NULL, -1, 0, 0, NULL),
(1275, 9, 400, 1, 100, NULL, -1, 0, 0, NULL),
(1276, 3, 401, 1, 100, NULL, -1, 0, 0, NULL),
(1277, 3, 401, 1, 100, NULL, -1, 0, 0, NULL),
(1278, 3, 401, 1, 100, NULL, -1, 0, 0, NULL),
(1279, 2, 401, 1, 100, NULL, -1, 0, 0, NULL),
(1280, 1, 401, 1, 100, NULL, -1, 0, 0, NULL),
(1281, 3, 402, 1, 100, NULL, -1, 0, 0, NULL),
(1282, 3, 402, 1, 100, NULL, -1, 0, 0, NULL),
(1283, 9, 402, 1, 100, NULL, -1, 0, 0, NULL),
(1284, 9, 402, 1, 100, NULL, -1, 0, 0, NULL),
(1285, 3, 402, 1, 100, NULL, -1, 0, 0, NULL),
(1286, 3, 403, 1, 100, NULL, -1, 0, 0, NULL),
(1287, 3, 403, 1, 100, NULL, -1, 0, 0, NULL),
(1288, 1, 403, 1, 100, NULL, -1, 0, 0, NULL),
(1289, 9, 403, 1, 100, NULL, -1, 0, 0, NULL),
(1290, 1, 403, 1, 100, NULL, -1, 0, 0, NULL),
(1291, 2, 404, 1, 100, NULL, -1, 0, 0, NULL),
(1292, 1, 404, 1, 100, NULL, -1, 0, 0, NULL),
(1293, 2, 404, 1, 100, NULL, -1, 0, 0, NULL),
(1294, 9, 404, 1, 100, NULL, -1, 0, 0, NULL),
(1295, 1, 404, 1, 100, NULL, -1, 0, 0, NULL),
(1296, 6, 405, 1, 100, NULL, -1, 0, 0, NULL),
(1297, 1, 405, 1, 100, NULL, -1, 0, 0, NULL),
(1298, 2, 405, 1, 100, NULL, -1, 0, 0, NULL),
(1299, 9, 405, 1, 100, NULL, -1, 0, 0, NULL),
(1300, 1, 405, 1, 100, NULL, -1, 0, 0, NULL),
(1301, 5, 406, 1, 100, NULL, -1, 0, 0, NULL),
(1302, 2, 406, 1, 100, NULL, -1, 0, 0, NULL),
(1303, 9, 406, 1, 100, NULL, -1, 0, 0, NULL),
(1304, 9, 406, 1, 100, NULL, -1, 0, 0, NULL),
(1305, 9, 406, 1, 100, NULL, -1, 0, 0, NULL),
(1306, 9, 407, 1, 100, NULL, -1, 0, 0, NULL),
(1307, 1, 407, 1, 100, NULL, -1, 0, 0, NULL),
(1308, 9, 407, 1, 100, NULL, -1, 0, 0, NULL),
(1309, 1, 407, 1, 100, NULL, -1, 0, 0, NULL),
(1310, 9, 407, 1, 100, NULL, -1, 0, 0, NULL),
(1311, 10, 408, 1, 100, NULL, -1, 0, 0, NULL),
(1312, 2, 408, 1, 100, NULL, -1, 0, 0, NULL),
(1313, 1, 408, 1, 100, NULL, -1, 0, 0, NULL),
(1314, 1, 408, 1, 100, NULL, -1, 0, 0, NULL),
(1315, 9, 408, 1, 100, NULL, -1, 0, 0, NULL),
(1316, 7, 500, 1, 100, NULL, -1, 0, 0, NULL),
(1317, 9, 500, 1, 100, NULL, -1, 0, 0, NULL),
(1318, 2, 500, 1, 100, NULL, -1, 0, 0, NULL),
(1319, 1, 500, 1, 100, NULL, -1, 0, 0, NULL),
(1320, 9, 500, 1, 100, NULL, -1, 0, 0, NULL),
(1321, 2, 501, 1, 100, NULL, -1, 0, 0, NULL),
(1322, 5, 501, 1, 100, NULL, -1, 0, 0, NULL),
(1323, 10, 501, 1, 100, NULL, -1, 0, 0, NULL),
(1324, 9, 501, 1, 100, NULL, -1, 0, 0, NULL),
(1325, 9, 501, 1, 100, NULL, -1, 0, 0, NULL),
(1326, 9, 502, 1, 100, NULL, -1, 0, 0, NULL),
(1327, 8, 502, 1, 100, NULL, -1, 0, 0, NULL),
(1328, 2, 502, 1, 100, NULL, -1, 0, 0, NULL),
(1329, 2, 502, 1, 100, NULL, -1, 0, 0, NULL),
(1330, 9, 502, 1, 100, NULL, -1, 0, 0, NULL),
(1331, 10, 503, 1, 100, NULL, -1, 0, 0, NULL),
(1332, 2, 503, 1, 100, NULL, -1, 0, 0, NULL),
(1333, 2, 503, 1, 100, NULL, -1, 0, 0, NULL),
(1334, 2, 503, 1, 100, NULL, -1, 0, 0, NULL),
(1335, 2, 503, 1, 100, NULL, -1, 0, 0, NULL),
(1336, 2, 504, 1, 100, NULL, -1, 0, 0, NULL),
(1337, 9, 504, 1, 100, NULL, -1, 0, 0, NULL),
(1338, 9, 504, 1, 100, NULL, -1, 0, 0, NULL),
(1339, 1, 504, 1, 100, NULL, -1, 0, 0, NULL),
(1340, 1, 504, 1, 100, NULL, -1, 0, 0, NULL),
(1341, 9, 505, 1, 100, NULL, -1, 0, 0, NULL),
(1342, 1, 505, 1, 100, NULL, -1, 0, 0, NULL),
(1343, 9, 505, 1, 100, NULL, -1, 0, 0, NULL),
(1344, 1, 505, 1, 100, NULL, -1, 0, 0, NULL),
(1345, 2, 505, 1, 100, NULL, -1, 0, 0, NULL),
(1346, 2, 506, 1, 100, NULL, -1, 0, 0, NULL),
(1347, 9, 506, 1, 100, NULL, -1, 0, 0, NULL),
(1348, 4, 506, 1, 100, NULL, -1, 0, 0, NULL),
(1349, 1, 506, 1, 100, NULL, -1, 0, 0, NULL),
(1350, 9, 506, 1, 100, NULL, -1, 0, 0, NULL),
(1351, 2, 507, 1, 100, NULL, -1, 0, 0, NULL),
(1352, 2, 507, 1, 100, NULL, -1, 0, 0, NULL),
(1353, 1, 507, 1, 100, NULL, -1, 0, 0, NULL),
(1354, 2, 507, 1, 100, NULL, -1, 0, 0, NULL),
(1355, 2, 507, 1, 100, NULL, -1, 0, 0, NULL),
(1356, 1, 508, 1, 100, NULL, -1, 0, 0, NULL),
(1357, 9, 508, 1, 100, NULL, -1, 0, 0, NULL),
(1358, 9, 508, 1, 100, NULL, -1, 0, 0, NULL),
(1359, 1, 508, 1, 100, NULL, -1, 0, 0, NULL),
(1360, 1, 508, 1, 100, NULL, -1, 0, 0, NULL),
(1361, 9, 509, 1, 100, NULL, -1, 0, 0, NULL),
(1362, 1, 509, 1, 100, NULL, -1, 0, 0, NULL),
(1363, 1, 509, 1, 100, NULL, -1, 0, 0, NULL),
(1364, 1, 509, 1, 100, NULL, -1, 0, 0, NULL),
(1365, 9, 509, 1, 100, NULL, -1, 0, 0, NULL),
(1366, 1, 510, 1, 100, NULL, -1, 0, 0, NULL),
(1367, 2, 510, 1, 100, NULL, -1, 0, 0, NULL),
(1368, 1, 510, 1, 100, NULL, -1, 0, 0, NULL),
(1369, 1, 510, 1, 100, NULL, -1, 0, 0, NULL),
(1370, 9, 510, 1, 100, NULL, -1, 0, 0, NULL),
(1371, 1, 511, 1, 100, NULL, -1, 0, 0, NULL),
(1372, 2, 511, 1, 100, NULL, -1, 0, 0, NULL),
(1373, 9, 511, 1, 100, NULL, -1, 0, 0, NULL),
(1374, 1, 511, 1, 100, NULL, -1, 0, 0, NULL),
(1375, 1, 511, 1, 100, NULL, -1, 0, 0, NULL),
(1376, 9, 512, 1, 100, NULL, -1, 0, 0, NULL),
(1377, 1, 512, 1, 100, NULL, -1, 0, 0, NULL),
(1378, 1, 512, 1, 100, NULL, -1, 0, 0, NULL),
(1379, 2, 512, 1, 100, NULL, -1, 0, 0, NULL),
(1380, 9, 512, 1, 100, NULL, -1, 0, 0, NULL),
(1381, 9, 513, 1, 100, NULL, -1, 0, 0, NULL),
(1382, 4, 513, 1, 100, NULL, -1, 0, 0, NULL),
(1383, 9, 513, 1, 100, NULL, -1, 0, 0, NULL),
(1384, 10, 513, 1, 100, NULL, -1, 0, 0, NULL),
(1385, 2, 513, 1, 100, NULL, -1, 0, 0, NULL),
(1386, 1, 514, 1, 100, NULL, -1, 0, 0, NULL),
(1387, 1, 514, 1, 100, NULL, -1, 0, 0, NULL),
(1388, 9, 514, 1, 100, NULL, -1, 0, 0, NULL),
(1389, 2, 514, 1, 100, NULL, -1, 0, 0, NULL),
(1390, 1, 514, 1, 100, NULL, -1, 0, 0, NULL),
(1391, 9, 515, 1, 100, NULL, -1, 0, 0, NULL),
(1392, 2, 515, 1, 100, NULL, -1, 0, 0, NULL),
(1393, 9, 515, 1, 100, NULL, -1, 0, 0, NULL),
(1394, 2, 515, 1, 100, NULL, -1, 0, 0, NULL),
(1395, 1, 515, 1, 100, NULL, -1, 0, 0, NULL),
(1396, 9, 516, 1, 100, NULL, -1, 0, 0, NULL),
(1397, 1, 516, 1, 100, NULL, -1, 0, 0, NULL),
(1398, 1, 516, 1, 100, NULL, -1, 0, 0, NULL),
(1399, 9, 516, 1, 100, NULL, -1, 0, 0, NULL),
(1400, 9, 516, 1, 100, NULL, -1, 0, 0, NULL),
(1401, 5, 517, 1, 100, NULL, -1, 0, 0, NULL),
(1402, 9, 517, 1, 100, NULL, -1, 0, 0, NULL),
(1403, 2, 517, 1, 100, NULL, -1, 0, 0, NULL),
(1404, 1, 517, 1, 100, NULL, -1, 0, 0, NULL),
(1405, 10, 517, 1, 100, NULL, -1, 0, 0, NULL),
(1406, 2, 521, 1, 100, NULL, -1, 0, 0, NULL),
(1407, 2, 521, 1, 100, NULL, -1, 0, 0, NULL),
(1408, 9, 521, 1, 100, NULL, -1, 0, 0, NULL),
(1409, 9, 521, 1, 100, NULL, -1, 0, 0, NULL),
(1410, 1, 521, 1, 100, NULL, -1, 0, 0, NULL),
(1411, 2, 522, 1, 100, NULL, -1, 0, 0, NULL),
(1412, 1, 522, 1, 100, NULL, -1, 0, 0, NULL),
(1413, 1, 522, 1, 100, NULL, -1, 0, 0, NULL),
(1414, 1, 522, 1, 100, NULL, -1, 0, 0, NULL),
(1415, 1, 522, 1, 100, NULL, -1, 0, 0, NULL),
(1416, 9, 523, 1, 100, NULL, -1, 0, 0, NULL),
(1417, 9, 523, 1, 100, NULL, -1, 0, 0, NULL),
(1418, 2, 523, 1, 100, NULL, -1, 0, 0, NULL),
(1419, 2, 523, 1, 100, NULL, -1, 0, 0, NULL),
(1420, 1, 523, 1, 100, NULL, -1, 0, 0, NULL),
(1421, 1, 601, 1, 100, NULL, -1, 0, 0, NULL),
(1422, 9, 601, 1, 100, NULL, -1, 0, 0, NULL),
(1423, 4, 601, 1, 100, NULL, -1, 0, 0, NULL),
(1424, 2, 601, 1, 100, NULL, -1, 0, 0, NULL),
(1425, 9, 601, 1, 100, NULL, -1, 0, 0, NULL),
(1426, 1, 605, 1, 100, NULL, -1, 0, 0, NULL),
(1427, 7, 605, 1, 100, NULL, -1, 0, 0, NULL),
(1428, 2, 605, 1, 100, NULL, -1, 0, 0, NULL),
(1429, 1, 605, 1, 100, NULL, -1, 0, 0, NULL),
(1430, 4, 605, 1, 100, NULL, -1, 0, 0, NULL),
(1431, 9, 606, 1, 100, NULL, -1, 0, 0, NULL),
(1432, 9, 606, 1, 100, NULL, -1, 0, 0, NULL),
(1433, 1, 606, 1, 100, NULL, -1, 0, 0, NULL),
(1434, 9, 606, 1, 100, NULL, -1, 0, 0, NULL),
(1435, 2, 606, 1, 100, NULL, -1, 0, 0, NULL),
(1436, 2, 700, 1, 100, NULL, -1, 0, 0, NULL),
(1437, 2, 700, 1, 100, NULL, -1, 0, 0, NULL),
(1438, 8, 700, 1, 100, NULL, -1, 0, 0, NULL),
(1439, 4, 700, 1, 100, NULL, -1, 0, 0, NULL),
(1440, 1, 700, 1, 100, NULL, -1, 0, 0, NULL),
(1441, 2, 701, 1, 100, NULL, -1, 0, 0, NULL),
(1442, 9, 701, 1, 100, NULL, -1, 0, 0, NULL),
(1443, 1, 701, 1, 100, NULL, -1, 0, 0, NULL),
(1444, 1, 701, 1, 100, NULL, -1, 0, 0, NULL),
(1445, 9, 701, 1, 100, NULL, -1, 0, 0, NULL),
(1446, 9, 10000, 1, 100, NULL, -1, 0, 0, NULL),
(1447, 9, 10000, 1, 100, NULL, -1, 0, 0, NULL),
(1448, 9, 10000, 1, 100, NULL, -1, 0, 0, NULL),
(1449, 2, 10000, 1, 100, NULL, -1, 0, 0, NULL),
(1450, 2, 10000, 1, 100, NULL, -1, 0, 0, NULL),
(1451, 2, 10000, 1, 100, NULL, -1, 0, 0, 100027),
(1458, 1, 10000, 1, 100, NULL, 10060, 0, 0, 100031),
(1459, 4, 10000, 1, 100, NULL, 10060, 0, 0, 100031),
(1460, 1, 10000, 1, 100, NULL, -1, 0, 0, 100027),
(1461, 4, 10000, 1, 100, NULL, 10053, 0, 0, 100027),
(1462, 1, 10000, 1, 100, NULL, 10053, 0, 0, 100027),
(1463, 4, 10000, 1, 100, NULL, 10053, 0, 0, 100027),
(1464, 1, 10000, 1, 100, NULL, 10068, 0, 0, 100034),
(1465, 4, 10000, 1, 100, NULL, 10068, 0, 0, 100034),
(1466, 1, 10000, 1, 100, NULL, 10069, 0, 0, 100035),
(1467, 4, 10000, 1, 100, NULL, 10069, 0, 0, 100035),
(1468, 1, 10000, 1, 100, NULL, 10070, 0, 0, 100036),
(1469, 4, 10000, 1, 100, NULL, 10070, 0, 0, 100036),
(1470, 1, 10000, 1, 100, NULL, 10071, 0, 0, 100037),
(1471, 4, 10000, 1, 100, NULL, 10071, 0, 0, 100037),
(1472, 1, 10000, 1, 100, NULL, 10072, 0, 0, 100038),
(1473, 4, 10000, 1, 100, NULL, 10072, 0, 0, 100038),
(1488, 1, 10000, 1, 100, NULL, 10085, 0, 0, 100048),
(1489, 4, 10000, 1, 100, NULL, 10085, 0, 0, 100048),
(1490, 1, 10000, 1, 100, NULL, 10086, 0, 0, 100049),
(1491, 4, 10000, 1, 100, NULL, 10086, 0, 0, 100049),
(1492, 1, 10000, 1, 100, NULL, NULL, 0, 0, 100050),
(1493, 4, 10000, 1, 100, NULL, NULL, 0, 0, 100050),
(1494, 1, 10000, 1, 100, NULL, NULL, 0, 0, 100051),
(1495, 4, 10000, 1, 100, NULL, NULL, 0, 0, 100051),
(1496, 1, 10000, 1, 100, NULL, NULL, 0, 0, 100052),
(1497, 4, 10000, 1, 100, NULL, NULL, 0, 0, 100052),
(1500, 1, 10000, 1, 100, NULL, NULL, 0, 0, 100054),
(1501, 4, 10000, 1, 100, NULL, NULL, 0, 0, 100054),
(1504, 1, 10000, 1, 100, NULL, NULL, 0, 0, 100056),
(1505, 4, 10000, 1, 100, NULL, NULL, 0, 0, 100056),
(1506, 1, 10000, 1, 100, NULL, NULL, 0, 0, 100057),
(1507, 4, 10000, 1, 100, NULL, NULL, 0, 0, 100057),
(1508, 1, 10000, 1, 100, NULL, NULL, 0, 0, 100058),
(1509, 4, 10000, 1, 100, NULL, NULL, 0, 0, 100058),
(1510, 1, 10000, 1, 100, NULL, NULL, 0, 0, 100059),
(1511, 4, 10000, 1, 100, NULL, NULL, 0, 0, 100059),
(1512, 1, 10000, 1, 100, NULL, NULL, 0, 0, 100060),
(1513, 4, 10000, 1, 100, NULL, NULL, 0, 0, 100060);

-- --------------------------------------------------------

--
-- Table structure for table `land_resources_capacity`
--

CREATE TABLE `land_resources_capacity` (
  `id` int(11) NOT NULL,
  `resource_id` int(11) NOT NULL,
  `level` int(11) NOT NULL,
  `max_capacity` int(11) NOT NULL
) ENGINE=InnoDB DEFAULT CHARSET=utf8 COLLATE=utf8_spanish_ci;

--
-- Dumping data for table `land_resources_capacity`
--

INSERT INTO `land_resources_capacity` (`id`, `resource_id`, `level`, `max_capacity`) VALUES
(12, 1, 1, 200),
(13, 2, 1, 200),
(14, 3, 1, 200),
(15, 4, 1, 200),
(16, 5, 1, 200),
(17, 6, 1, 200),
(18, 7, 1, 200),
(19, 8, 1, 200),
(20, 9, 1, 200),
(21, 10, 1, 200);

-- --------------------------------------------------------

--
-- Table structure for table `land_resources_current_lvlups`
--

CREATE TABLE `land_resources_current_lvlups` (
  `id` int(11) NOT NULL,
  `land_resource_id` int(11) NOT NULL,
  `time_left` int(11) NOT NULL
) ENGINE=InnoDB DEFAULT CHARSET=utf8 COLLATE=utf8_spanish_ci;

-- --------------------------------------------------------

--
-- Table structure for table `land_resources_lvlup_res`
--

CREATE TABLE `land_resources_lvlup_res` (
  `id` int(11) NOT NULL,
  `resource_id` int(11) NOT NULL,
  `level` int(11) NOT NULL,
  `item_id` int(11) NOT NULL,
  `quantity` int(11) NOT NULL
) ENGINE=InnoDB DEFAULT CHARSET=utf8 COLLATE=utf8_spanish_ci;

--
-- Dumping data for table `land_resources_lvlup_res`
--

INSERT INTO `land_resources_lvlup_res` (`id`, `resource_id`, `level`, `item_id`, `quantity`) VALUES
(31, 1, 1, 1, 1000),
(32, 1, 1, 2, 100),
(33, 1, 1, 8, 100),
(34, 2, 1, 1, 1000),
(35, 2, 1, 2, 100),
(36, 2, 1, 8, 100),
(37, 3, 1, 1, 1000),
(38, 3, 1, 2, 100),
(39, 3, 1, 8, 100),
(40, 4, 1, 1, 1000),
(41, 4, 1, 2, 100),
(42, 4, 1, 8, 100),
(43, 5, 1, 1, 1000),
(44, 5, 1, 2, 100),
(45, 5, 1, 8, 100),
(46, 6, 1, 1, 1000),
(47, 6, 1, 2, 100),
(48, 6, 1, 8, 100),
(49, 7, 1, 1, 1000),
(50, 7, 1, 2, 100),
(51, 7, 1, 8, 100),
(52, 8, 1, 1, 1000),
(53, 8, 1, 2, 100),
(54, 8, 1, 8, 100),
(55, 9, 1, 1, 1000),
(56, 9, 1, 2, 100),
(57, 9, 1, 8, 100),
(58, 10, 1, 1, 1000),
(59, 10, 1, 2, 100),
(60, 10, 1, 8, 100);

-- --------------------------------------------------------

--
-- Table structure for table `land_resources_lvlup_time`
--

CREATE TABLE `land_resources_lvlup_time` (
  `id` int(11) NOT NULL,
  `resource_id` int(11) NOT NULL,
  `level` int(11) NOT NULL,
  `lvlup_time` int(11) NOT NULL
) ENGINE=InnoDB DEFAULT CHARSET=utf8 COLLATE=utf8_spanish_ci;

--
-- Dumping data for table `land_resources_lvlup_time`
--

INSERT INTO `land_resources_lvlup_time` (`id`, `resource_id`, `level`, `lvlup_time`) VALUES
(11, 1, 1, 10),
(12, 2, 1, 10),
(13, 3, 1, 10),
(14, 4, 1, 10),
(15, 5, 1, 10),
(16, 6, 1, 10),
(17, 7, 1, 10),
(18, 8, 1, 10),
(19, 9, 1, 10),
(20, 10, 1, 10);

-- --------------------------------------------------------

--
-- Table structure for table `land_resources_names`
--

CREATE TABLE `land_resources_names` (
  `id` int(11) NOT NULL,
  `name` varchar(32) COLLATE utf8_spanish_ci NOT NULL
) ENGINE=InnoDB DEFAULT CHARSET=utf8 COLLATE=utf8_spanish_ci;

--
-- Dumping data for table `land_resources_names`
--

INSERT INTO `land_resources_names` (`id`, `name`) VALUES
(1, 'field'),
(2, 'forest'),
(3, 'coast'),
(4, 'quarry'),
(5, 'gold mine'),
(6, 'iron mine'),
(7, 'silver mine'),
(8, 'copper mine'),
(9, 'river'),
(10, 'clay mine');

-- --------------------------------------------------------

--
-- Table structure for table `land_res_jobs`
--

CREATE TABLE `land_res_jobs` (
  `id` int(11) NOT NULL,
  `town_id` int(11) NOT NULL,
  `people` int(11) NOT NULL,
  `working_at` int(11) NOT NULL
) ENGINE=InnoDB DEFAULT CHARSET=utf8 COLLATE=utf8_spanish_ci;

--
-- Dumping data for table `land_res_jobs`
--

INSERT INTO `land_res_jobs` (`id`, `town_id`, `people`, `working_at`) VALUES
(277, 1032, 61, 1068);

-- --------------------------------------------------------

--
-- Table structure for table `login_attempts`
--

CREATE TABLE `login_attempts` (
  `id` int(11) NOT NULL,
  `username` varchar(16) COLLATE utf8_spanish_ci NOT NULL,
  `timestamp` timestamp NOT NULL DEFAULT CURRENT_TIMESTAMP ON UPDATE CURRENT_TIMESTAMP
) ENGINE=InnoDB DEFAULT CHARSET=utf8 COLLATE=utf8_spanish_ci;

--
-- Dumping data for table `login_attempts`
--

INSERT INTO `login_attempts` (`id`, `username`, `timestamp`) VALUES
(2, 'adr.arroyo.perez', '2018-12-19 12:01:09'),
(3, 'adr.arroyo.perez', '2018-12-19 12:01:20'),
(6, 'felipegarciacea@', '2019-01-19 15:26:51'),
(7, 'felipegarciacea@', '2019-01-19 15:27:06'),
(12, 'Edadmediaonline.', '2019-01-19 17:37:22'),
(13, 'Edadmediaonline.', '2019-01-19 17:39:30'),
(14, 'edadmediaonline.', '2019-01-19 17:39:50'),
(15, 'edadmediaonlinej', '2019-01-19 17:41:45'),
(16, 'edadmediaonlinej', '2019-01-19 17:42:13'),
(19, 'edadmediaonlinej', '2019-01-19 17:44:53'),
(20, 'edadmediaonlinej', '2019-01-19 17:48:22'),
(22, 'edadmediaonlinej', '2019-01-21 18:05:23'),
(23, 'patris_1@hotmail', '2019-02-05 12:12:30'),
(24, 'patris_1@hotmail', '2019-02-05 12:12:38'),
(27, 'alexgonro13@gmai', '2019-02-20 14:49:14');

-- --------------------------------------------------------

--
-- Table structure for table `news`
--

CREATE TABLE `news` (
  `id` int(11) NOT NULL,
  `date` varchar(16) COLLATE utf8_spanish_ci NOT NULL COMMENT 'Date in the format DD_MM_YYYY',
  `text` varchar(64) COLLATE utf8_spanish_ci NOT NULL,
  `relevance` enum('private','local','kingdom','global') COLLATE utf8_spanish_ci NOT NULL,
  `affects_to` int(11) DEFAULT NULL COMMENT 'Only when the news are private',
  `region_id` int(11) DEFAULT NULL COMMENT 'Only when the news are local',
  `kingdom_id` int(11) DEFAULT NULL COMMENT 'Only when the news affect to the kingdom'
) ENGINE=InnoDB DEFAULT CHARSET=utf8 COLLATE=utf8_spanish_ci;

--
-- Dumping data for table `news`
--

INSERT INTO `news` (`id`, `date`, `text`, `relevance`, `affects_to`, `region_id`, `kingdom_id`) VALUES
(1, '01_01_720', 'Algo ha pasado', 'global', NULL, NULL, NULL),
(2, '01_02_720', 'Otra cosa', 'global', NULL, NULL, NULL),
(3, '27_11_720', '¡Te has desplazado a una nueva ubicación!', 'private', 10073, NULL, NULL),
(4, '26_2_721', '¡Te has desplazado a una nueva ubicación!', 'private', 10087, NULL, NULL),
(5, '26_2_721', '¡10006 10006 se ha establecido en la villa de Cabezón de la Sa!', 'kingdom', NULL, NULL, 2),
(7, '26_2_721', '¡Ana Juan se ha establecido en la villa de Cabrales!', 'kingdom', NULL, NULL, 2),
(9, '26_2_721', '¡Ernest De Antioquia se ha establecido en la villa de Comillas!', 'kingdom', NULL, NULL, 2),
(11, '26_2_721', '¡ION ionculebra se ha establecido en la villa de Cangas de Onís!', 'kingdom', NULL, NULL, 2),
(13, '26_2_721', '¡Felipe Garcia se ha establecido en la villa de Castro Urdiales!', 'kingdom', NULL, NULL, 2),
(15, '26_2_721', '¡Luis Caricuao se ha establecido en la villa de Camaleño!', 'kingdom', NULL, NULL, 2),
(17, '26_2_721', '¡Leslie Droppelman se ha establecido en la villa de Villaviciosa', 'kingdom', NULL, NULL, 2);

-- --------------------------------------------------------

--
-- Table structure for table `nobility_titles`
--

CREATE TABLE `nobility_titles` (
  `id` int(11) NOT NULL,
  `name` varchar(32) COLLATE utf8_spanish_ci NOT NULL,
  `roll` binary(1) NOT NULL,
  `rank` int(11) NOT NULL,
  `owner_id` int(11) DEFAULT NULL
) ENGINE=InnoDB DEFAULT CHARSET=utf8 COLLATE=utf8_spanish_ci;

--
-- Dumping data for table `nobility_titles`
--

INSERT INTO `nobility_titles` (`id`, `name`, `roll`, `rank`, `owner_id`) VALUES
(10000, 'Rey de los Francos', 0x30, 100000, 10000),
(10001, 'Arzobispo de Burdeos', 0x30, 10000, 10001);

-- --------------------------------------------------------

--
-- Table structure for table `pantries`
--

CREATE TABLE `pantries` (
  `id` int(11) NOT NULL,
  `building_id` int(11) NOT NULL,
  `item_id` int(11) NOT NULL,
  `quantity` int(11) NOT NULL
) ENGINE=InnoDB DEFAULT CHARSET=utf8 COLLATE=utf8_spanish_ci;

--
-- Dumping data for table `pantries`
--

INSERT INTO `pantries` (`id`, `building_id`, `item_id`, `quantity`) VALUES
(1, 47, 23, 100),
(2, 47, 12, 100),
(9, 79, 22, 100),
(10, 79, 13, 100),
(11, 83, 22, 100),
(12, 83, 13, 100),
(13, 79, 22, 100),
(14, 79, 13, 100),
(15, 79, 22, 100),
(16, 79, 13, 100),
(17, 95, 22, 100),
(18, 95, 13, 100),
(19, 99, 22, 100),
(20, 99, 13, 100),
(21, 103, 22, 100),
(22, 103, 13, 100),
(23, 107, 22, 100),
(24, 107, 13, 100),
(25, 111, 22, 100),
(26, 111, 13, 100),
(28, 115, 13, 100),
(29, 119, 22, 100),
(30, 119, 13, 100),
(31, 47, 15, 152),
(32, 47, 18, 81),
(33, 115, 15, 113),
(34, 115, 18, 75),
(35, 83, 15, 197),
(36, 83, 18, 131),
(37, 95, 15, 257),
(38, 95, 18, 171),
(39, 99, 15, 257),
(40, 99, 18, 171),
(41, 103, 15, 197),
(42, 103, 18, 131),
(43, 107, 15, 257),
(44, 107, 18, 171),
(45, 111, 15, 257),
(46, 111, 18, 171),
(47, 115, 23, 6),
(48, 129, 23, 100),
(49, 129, 14, 100),
(50, 134, 23, 100),
(51, 134, 14, 100),
(52, 139, 23, 100),
(53, 139, 14, 100),
(88, 129, 15, 240),
(89, 129, 18, 160),
(90, 134, 15, 179),
(91, 134, 18, 120);

-- --------------------------------------------------------

--
-- Table structure for table `pm`
--

CREATE TABLE `pm` (
  `id` int(11) NOT NULL,
  `title` varchar(256) COLLATE utf8_spanish_ci NOT NULL,
  `user1` int(11) NOT NULL COMMENT 'Person who sends the message',
  `user2` int(11) NOT NULL COMMENT 'Person that receives the message',
  `message` text COLLATE utf8_spanish_ci NOT NULL,
  `timestamp` datetime NOT NULL,
  `is_read` tinyint(1) NOT NULL DEFAULT '0'
) ENGINE=InnoDB DEFAULT CHARSET=utf8 COLLATE=utf8_spanish_ci;

--
-- Dumping data for table `pm`
--

INSERT INTO `pm` (`id`, `title`, `user1`, `user2`, `message`, `timestamp`, `is_read`) VALUES
(3, 'Prueba', 10006, 10073, 'Esto es un texto de prueba', '2018-11-21 18:51:36', 1),
(7, 'RE: Prueba 2', 10073, 10073, 'Y otra prueba\r\n====================== \r\n \r\nEsto también es una prueba', '2018-11-23 12:21:29', 1),
(8, 'RE: Prueba', 10073, 10006, 'Y otro mensaje\r\n====================== \r\n \r\nEsto es un texto de prueba', '2018-11-23 12:23:12', 0),
(9, 'Hola', 10073, 10053, 'Hola que hay', '2018-11-23 12:24:49', 0),
(10, 'RE: Prueba 2', 10073, 10017, '====================== \r\n \r\nEsto también es una prueba', '2018-11-23 13:52:15', 0),
(11, 'RE: Prueba 2', 10073, 10017, '====================== \r\n \r\nEsto también es una prueba', '2018-11-23 13:53:05', 0),
(12, 'RE: Prueba', 10073, 10006, '====================== \r\n \r\nEsto es un texto de prueba', '2018-11-23 13:53:13', 0),
(13, 'RE: Prueba', 10073, 10006, '====================== \r\n \r\nEsto es un texto de prueba', '2018-11-23 13:53:19', 0),
(14, 'RE: Prueba 2', 10073, 10017, '====================== \r\n \r\nEsto también es una prueba', '2018-11-23 13:56:29', 0),
(15, 'RE: Prueba', 10073, 10006, '====================== \r\n \r\nEsto es un texto de prueba', '2018-11-23 13:56:33', 0),
(16, 'RE: Prueba', 10073, 10006, '====================== \r\n \r\nEsto es un texto de prueba', '2018-11-23 13:56:49', 0),
(17, 'RE: Prueba', 10073, 10006, '====================== \r\n \r\nEsto es un texto de prueba', '2018-11-23 13:58:09', 0),
(18, 'RE: Prueba', 10073, 10006, '====================== \r\n \r\nEsto es un texto de prueba', '2018-11-23 13:59:22', 0),
(19, '', 10073, 10001, '', '2018-11-23 17:43:35', 0),
(20, '', 10073, 10001, '', '2018-11-26 11:43:06', 0),
(21, '', 10073, 10001, '', '2018-11-26 11:43:41', 0);

-- --------------------------------------------------------

--
-- Table structure for table `regions`
--

CREATE TABLE `regions` (
  `id` int(11) NOT NULL,
  `name` varchar(32) COLLATE utf8_spanish_ci NOT NULL,
  `owner_id` int(11) NOT NULL,
  `kingdom_id` int(11) DEFAULT NULL,
  `terrain` enum('flat','hilly','mountainous','sea') COLLATE utf8_spanish_ci NOT NULL DEFAULT 'flat'
) ENGINE=InnoDB DEFAULT CHARSET=utf8 COLLATE=utf8_spanish_ci;

--
-- Dumping data for table `regions`
--

INSERT INTO `regions` (`id`, `name`, `owner_id`, `kingdom_id`, `terrain`) VALUES
(1, 'Mar', -1, NULL, 'sea'),
(100, 'Comarca del Eo-Navia', 10006, 2, 'flat'),
(101, 'Montes de Eo-Navia', -1, 2, 'hilly'),
(102, 'Comarca de Narcea', -1, 2, 'mountainous'),
(103, 'Comarca de Avilés', -1, 2, 'flat'),
(104, 'Comarca de Riosa', -1, 2, 'mountainous'),
(105, 'Comarca de Oviedo', -1, 2, 'flat'),
(106, 'Comarca de Gijón', -1, 2, 'flat'),
(107, 'Valle de Nalón', -1, 2, 'mountainous'),
(108, 'Comarca de Oriente', -1, 2, 'flat'),
(109, 'Comarca de Cangas de Onís', -1, 2, 'mountainous'),
(200, 'Comarca de Liébana', -1, 2, 'mountainous'),
(201, 'Valles del Saja y Nasa', -1, 2, 'mountainous'),
(202, 'Merindad de Campoo', -1, 2, 'hilly'),
(203, 'Valles Pasiegos', -1, 2, 'hilly'),
(204, 'Asturias de Santillana', -1, 2, 'flat'),
(205, 'Merindad de Trasmiera', -1, 2, 'flat'),
(206, 'Merindad de Asón-Agüera', -1, 2, 'hilly'),
(300, 'A Mariña', -1, 3, 'hilly'),
(301, 'Terra Chá', -1, 3, 'hilly'),
(302, 'Lugo', -1, 3, 'flat'),
(303, 'Os Ancares', -1, 3, 'hilly'),
(304, 'Terra de Lemos', -1, 3, 'hilly'),
(305, 'Valdeorras', -1, 3, 'mountainous'),
(306, 'Limia', -1, 3, 'hilly'),
(307, 'Comarca de Ourense', -1, 3, 'hilly'),
(308, 'Deza', -1, 3, 'hilly'),
(309, 'Comarca de Vigo', -1, 3, 'flat'),
(310, 'Comarca de Pontevedra', -1, 3, 'flat'),
(311, 'Comarca de Santiago', -1, 3, 'hilly'),
(312, 'Comarca de Fisterra', -1, 3, 'flat'),
(313, 'Comarca de A Coruña', -1, 3, 'flat'),
(400, 'Donostialdea', -1, 3, 'flat'),
(401, 'Tolosa', -1, 3, 'flat'),
(402, 'Gran Bilbao', -1, 3, 'flat'),
(403, 'Encartaciones', -1, 3, 'flat'),
(404, 'Durango-Arratia y Ayala', -1, 3, 'flat'),
(405, 'Valles Alaveses', -1, 3, 'hilly'),
(406, 'Estibaciones del Gorbea', -1, 3, 'hilly'),
(407, 'Llanada alavesa', -1, 3, 'flat'),
(408, 'Montaña alavesa', -1, 3, 'hilly'),
(500, 'El Bierzo', -1, 3, 'mountainous'),
(501, 'Comarca de Luna', -1, 3, 'hilly'),
(502, 'La Cabrera', -1, 3, 'mountainous'),
(503, 'Comarca de Astorga', -1, 3, 'hilly'),
(504, 'Comarca de León', -1, 3, 'flat'),
(505, 'Comarca de Sahagún', -1, 3, 'flat'),
(506, 'Montaña de Riaño', -1, 3, 'mountainous'),
(507, 'La Bañeza', -1, 3, 'flat'),
(508, 'Páramo leonés', -1, 3, 'flat'),
(509, 'Esla-Campos', -1, 3, 'flat'),
(510, 'Terra de Campos', -1, 3, 'flat'),
(511, 'Páramos-Valles', -1, 3, 'flat'),
(512, 'Comarca de montaña', -1, 3, 'mountainous'),
(513, 'Sedano y Las Loras', -1, 3, 'mountainous'),
(514, 'Páramos y campiñas', -1, 3, 'flat'),
(515, 'Comarca de Burgos', -1, 3, 'hilly'),
(516, 'La Bureba', -1, 3, 'hilly'),
(517, 'Merindades', -1, 3, 'hilly'),
(521, 'Sanabria', -1, 3, 'flat'),
(522, 'Benavente', -1, 3, 'flat'),
(523, 'Tierra de Campos', -1, 3, 'flat'),
(601, 'Tierra estella', -1, 3, 'hilly'),
(605, 'Alto noroeste navarro', -1, 3, 'mountainous'),
(606, 'Cuenca de Pamplona', -1, 3, 'hilly'),
(700, 'Comarca de Santo Domingo', -1, 3, 'hilly'),
(701, 'Comarca de Logroño', -1, 3, 'flat'),
(10000, 'Puertas del Cielo', -1, 1, 'flat');

-- --------------------------------------------------------

--
-- Table structure for table `remember_auth`
--

CREATE TABLE `remember_auth` (
  `id` int(11) NOT NULL,
  `user_id` int(11) NOT NULL,
  `selector` varchar(16) COLLATE utf8_spanish_ci NOT NULL,
  `validator` varchar(64) COLLATE utf8_spanish_ci NOT NULL,
  `expiry_date` timestamp NOT NULL DEFAULT CURRENT_TIMESTAMP ON UPDATE CURRENT_TIMESTAMP
) ENGINE=InnoDB DEFAULT CHARSET=utf8 COLLATE=utf8_spanish_ci;

--
-- Dumping data for table `remember_auth`
--

INSERT INTO `remember_auth` (`id`, `user_id`, `selector`, `validator`, `expiry_date`) VALUES
(1, 10073, '097909c488375201', '9ef461f378b2620fd2c8c72962a27e78a85885d4eb1d8cec0f6bdde615e5decf', '2019-12-21 07:50:25');

-- --------------------------------------------------------

--
-- Table structure for table `sent_pm`
--

CREATE TABLE `sent_pm` (
  `id` int(11) NOT NULL,
  `title` varchar(256) COLLATE utf8_spanish_ci NOT NULL,
  `user1` int(11) NOT NULL,
  `user2` int(11) NOT NULL,
  `message` text COLLATE utf8_spanish_ci NOT NULL,
  `timestamp` datetime NOT NULL
) ENGINE=InnoDB DEFAULT CHARSET=utf8 COLLATE=utf8_spanish_ci;

--
-- Dumping data for table `sent_pm`
--

INSERT INTO `sent_pm` (`id`, `title`, `user1`, `user2`, `message`, `timestamp`) VALUES
(2, 'RE: Prueba', 10073, 10006, '====================== \r\n \r\nEsto es un texto de prueba', '2018-11-23 13:59:27'),
(4, '', 10073, 10001, '', '2018-11-26 11:43:06'),
(5, '', 10073, 10001, '', '2018-11-26 11:43:41');

-- --------------------------------------------------------

--
-- Table structure for table `stables`
--

CREATE TABLE `stables` (
  `id` int(11) NOT NULL,
  `building_id` int(11) NOT NULL,
  `animal` int(11) NOT NULL,
  `health` int(11) NOT NULL
) ENGINE=InnoDB DEFAULT CHARSET=utf8 COLLATE=utf8_spanish_ci;

-- --------------------------------------------------------

--
-- Table structure for table `stable_animals_info`
--

CREATE TABLE `stable_animals_info` (
  `id` int(11) NOT NULL,
  `name` int(11) NOT NULL
) ENGINE=InnoDB DEFAULT CHARSET=utf8 COLLATE=utf8_spanish_ci;

-- --------------------------------------------------------

--
-- Table structure for table `towns`
--

CREATE TABLE `towns` (
  `id` int(11) NOT NULL,
  `name` varchar(32) COLLATE utf8_spanish_ci NOT NULL,
  `type` tinyint(1) NOT NULL COMMENT '0 for village, 1 for town',
  `region_id` int(11) NOT NULL,
  `kingdom_id` int(11) NOT NULL,
  `population` decimal(6,2) NOT NULL DEFAULT '50.00',
  `zeal` int(11) NOT NULL DEFAULT '70',
  `security` int(11) NOT NULL DEFAULT '70',
  `owner_id` int(11) DEFAULT NULL,
  `local_tax` int(11) NOT NULL DEFAULT '50',
  `duchy_tax` int(11) NOT NULL DEFAULT '50',
  `royal_tax` int(11) NOT NULL DEFAULT '50'
) ENGINE=InnoDB DEFAULT CHARSET=utf8 COLLATE=utf8_spanish_ci;

--
-- Dumping data for table `towns`
--

INSERT INTO `towns` (`id`, `name`, `type`, `region_id`, `kingdom_id`, `population`, `zeal`, `security`, `owner_id`, `local_tax`, `duchy_tax`, `royal_tax`) VALUES
(1000, 'Navia', 1, 100, 2, '1072.79', 70, 70, 10006, 10, 0, 0),
(1001, 'Tapia de Casariego', 1, 100, 2, '60.98', 70, 70, 10006, 0, 0, 0),
(1002, 'Luarca', 1, 100, 2, '60.98', 70, 70, -1, 0, 0, 0),
(1003, 'Castropol', 0, 100, 2, '60.98', 70, 70, -1, 0, 0, 0),
(1004, 'Coaña', 0, 100, 2, '60.98', 70, 70, -1, 0, 0, 0),
(1010, 'Grandas', 1, 101, 2, '60.98', 70, 70, -1, 0, 0, 0),
(1011, 'Vegadeo', 1, 101, 2, '60.98', 70, 70, -1, 0, 0, 0),
(1012, 'Taramundi', 1, 101, 2, '60.98', 70, 70, -1, 0, 0, 0),
(1013, 'Villanueva de Oscos', 0, 101, 2, '60.98', 70, 70, -1, 0, 0, 0),
(1014, 'Santa Eulalia de Oscos', 0, 101, 2, '60.98', 70, 70, 10006, 0, 0, 0),
(1020, 'Cangas del Narcea', 1, 102, 2, '60.98', 70, 70, -1, 0, 0, 0),
(1021, 'Villa de Tineo', 1, 102, 2, '60.98', 70, 70, -1, 0, 0, 0),
(1022, 'San Antolín de Ibias', 0, 102, 2, '60.98', 70, 70, -1, 0, 0, 0),
(1023, 'Pola de Allande', 1, 102, 2, '60.98', 70, 70, -1, 0, 0, 0),
(1024, 'Cerredo', 0, 102, 2, '60.98', 70, 70, -1, 0, 0, 0),
(1030, 'Avilés', 1, 103, 2, '317.68', 70, 70, 10073, 10, 0, 0),
(1031, 'San Román', 0, 103, 2, '60.98', 70, 70, 10073, 0, 0, 0),
(1032, 'Las Vegas', 1, 103, 2, '60.98', 70, 70, 10006, 0, 0, 0),
(1033, 'Cudillero', 1, 103, 2, '60.98', 70, 70, -1, 0, 0, 0),
(1034, 'Soto del Barco', 0, 103, 2, '60.98', 70, 70, -1, 0, 0, 0),
(1040, 'Riosa', 1, 104, 2, '60.98', 70, 70, -1, 0, 0, 0),
(1041, 'Morcín', 1, 104, 2, '60.98', 70, 70, -1, 0, 0, 0),
(1042, 'Santo Adriano', 0, 104, 2, '60.98', 70, 70, -1, 0, 0, 0),
(1043, 'Lena', 1, 104, 2, '60.98', 70, 70, -1, 0, 0, 0),
(1044, 'Teverga', 0, 104, 2, '60.98', 70, 70, -1, 0, 0, 0),
(1050, 'Oviedo', 1, 105, 2, '60.98', 70, 70, -1, 0, 0, 0),
(1051, 'Noreña', 0, 105, 2, '60.98', 70, 70, -1, 0, 0, 0),
(1052, 'Posada de Llanera', 0, 105, 2, '60.98', 70, 70, -1, 0, 0, 0),
(1053, 'Langreo', 1, 105, 2, '60.98', 70, 70, -1, 0, 0, 0),
(1054, 'Pola de Siero', 1, 105, 2, '60.98', 70, 70, -1, 0, 0, 0),
(1060, 'Gijón', 1, 106, 2, '60.98', 70, 70, -1, 0, 0, 0),
(1061, 'Villaviciosa', 1, 106, 2, '317.68', 70, 70, NULL, 0, 0, 0),
(1062, 'Villa de Candás', 1, 106, 2, '60.98', 70, 70, -1, 0, 0, 0),
(1063, 'Villaverde de Marina', 0, 106, 2, '60.98', 70, 70, -1, 0, 0, 0),
(1064, 'Santa Mera', 0, 106, 2, '60.98', 70, 70, -1, 0, 0, 0),
(1070, 'Pola de Lena', 1, 107, 2, '60.98', 70, 70, -1, 0, 0, 0),
(1071, 'Mieres del Camino', 1, 107, 2, '60.98', 70, 70, -1, 0, 0, 0),
(1072, 'Langreo', 0, 107, 2, '60.98', 70, 70, -1, 0, 0, 0),
(1073, 'San Martín del Rey Aurelio', 1, 107, 2, '60.98', 70, 70, -1, 0, 0, 0),
(1074, 'Pola de Laviana', 0, 107, 2, '60.98', 70, 70, -1, 0, 0, 0),
(1080, 'Llanes', 1, 108, 2, '60.98', 70, 70, -1, 0, 0, 0),
(1081, 'Colunga', 1, 108, 2, '60.98', 70, 70, -1, 0, 0, 0),
(1082, 'Infiesto', 1, 108, 2, '60.98', 70, 70, -1, 0, 0, 0),
(1083, 'Ribadedeva', 0, 108, 2, '60.98', 70, 70, -1, 0, 0, 0),
(1084, 'Caravia', 0, 108, 2, '60.98', 70, 70, -1, 0, 0, 0),
(1090, 'Cangas de Onís', 1, 109, 2, '317.68', 70, 70, NULL, 0, 0, 0),
(1091, 'Carreña', 1, 109, 2, '60.98', 70, 70, -1, 0, 0, 0),
(1092, 'Arriondas', 0, 109, 2, '60.98', 70, 70, -1, 0, 0, 0),
(1093, 'Cabrales', 1, 109, 2, '317.68', 70, 70, NULL, 0, 0, 0),
(1094, 'Panes', 0, 109, 2, '60.98', 70, 70, -1, 0, 0, 0),
(2000, 'Cillorigo de Liébana', 1, 200, 2, '60.98', 70, 70, -1, 0, 0, 0),
(2001, 'Potes', 1, 200, 2, '60.98', 70, 70, -1, 0, 0, 0),
(2002, 'Camaleño', 1, 200, 2, '317.68', 70, 70, NULL, 0, 0, 0),
(2003, 'Cabezón de Liébana', 0, 200, 2, '60.98', 70, 70, -1, 0, 0, 0),
(2004, 'Vega de Liébana', 0, 200, 2, '60.98', 70, 70, -1, 0, 0, 0),
(2010, 'Cabezón de la Sal', 1, 201, 2, '317.68', 70, 70, 10087, 10, 0, 0),
(2011, 'Cabuérniga', 0, 201, 2, '60.98', 70, 70, -1, 0, 0, 0),
(2012, 'Mazcuerras', 1, 201, 2, '60.98', 70, 70, -1, 0, 0, 0),
(2013, 'Rionasa', 1, 201, 2, '60.98', 70, 70, -1, 0, 0, 0),
(2014, 'Ruente', 0, 201, 2, '60.98', 70, 70, -1, 0, 0, 0),
(2020, 'Reinosa', 1, 202, 2, '60.98', 70, 70, -1, 0, 0, 0),
(2021, 'Campoo de Enmedio', 1, 202, 2, '60.98', 70, 70, -1, 0, 0, 0),
(2022, 'Hermandad de Campoo de Suso', 1, 202, 2, '60.98', 70, 70, -1, 0, 0, 0),
(2023, 'Valderredible', 0, 202, 2, '60.98', 70, 70, -1, 0, 0, 0),
(2024, 'Valdeolea', 0, 202, 2, '60.98', 70, 70, -1, 0, 0, 0),
(2030, 'Santa María de Cayón', 1, 203, 2, '60.98', 70, 70, -1, 0, 0, 0),
(2031, 'Puente Viesgo', 1, 203, 2, '60.98', 70, 70, -1, 0, 0, 0),
(2032, 'Castañeda', 1, 203, 2, '60.98', 70, 70, -1, 0, 0, 0),
(2033, 'Selaya', 0, 203, 2, '60.98', 70, 70, -1, 0, 0, 0),
(2034, 'Corvera de Toranzo', 0, 203, 2, '60.98', 70, 70, -1, 0, 0, 0),
(2040, 'Santillana del Mar', 1, 204, 2, '60.98', 70, 70, -1, 0, 0, 0),
(2041, 'Santander', 1, 204, 2, '60.98', 70, 70, -1, 0, 0, 0),
(2042, 'Camargo', 0, 204, 2, '60.98', 70, 70, -1, 0, 0, 0),
(2043, 'Piélagos', 0, 204, 2, '60.98', 70, 70, -1, 0, 0, 0),
(2044, 'Comillas', 1, 204, 2, '317.68', 70, 70, NULL, 0, 0, 0),
(2050, 'Santoña', 1, 205, 2, '60.98', 70, 70, -1, 0, 0, 0),
(2051, 'Liérganes', 0, 205, 2, '60.98', 70, 70, -1, 0, 0, 0),
(2052, 'Medio Cudeyo', 0, 205, 2, '60.98', 70, 70, -1, 0, 0, 0),
(2053, 'Laredo', 1, 205, 2, '60.98', 70, 70, -1, 0, 0, 0),
(2054, 'Castro Urdiales', 1, 205, 2, '317.68', 70, 70, NULL, 0, 0, 0),
(2060, 'Ampuero', 1, 206, 2, '317.68', 70, 70, 10074, 0, 0, 0),
(2061, 'Ramales', 1, 206, 2, '60.98', 70, 70, -1, 0, 0, 0),
(2062, 'Guriezo', 1, 206, 2, '60.98', 70, 70, -1, 0, 0, 0),
(2063, 'Limpias', 0, 206, 2, '60.98', 70, 70, -1, 0, 0, 0),
(2064, 'Veguilla', 0, 206, 2, '60.98', 70, 70, -1, 0, 0, 0),
(100027, 'Villa de los bienaventurados', 1, 10000, 1, '454.19', 70, 70, 10053, 50, 50, 50),
(100031, 'Villa de los bienaventurados', 0, 10000, 1, '454.19', 70, 70, 10060, 50, 50, 50),
(100032, 'Villa de los bienaventurados', 0, 10000, 1, '123.11', 70, 70, 10053, 50, 50, 50),
(100033, 'Villa de los bienaventurados', 0, 10000, 1, '123.11', 70, 70, 10053, 50, 50, 50),
(100034, 'Villa de los bienaventurados', 0, 10000, 1, '454.19', 70, 70, 10068, 50, 50, 50),
(100035, 'Villa de los bienaventurados', 0, 10000, 1, '454.19', 70, 70, 10069, 50, 50, 50),
(100036, 'Villa de los bienaventurados', 0, 10000, 1, '454.19', 70, 70, 10070, 50, 50, 50),
(100037, 'Villa de los bienaventurados', 0, 10000, 1, '454.19', 70, 70, 10071, 50, 50, 50),
(100038, 'Villa de los bienaventurados', 0, 10000, 1, '454.19', 70, 70, 10072, 50, 50, 50),
(100040, 'Villa', 1, 10000, 1, '58.64', 70, 70, 10074, 50, 50, 50),
(100048, 'Villa de los bienaventurados', 0, 10000, 1, '453.18', 70, 70, 10085, 50, 50, 50),
(100049, 'Villa de los bienaventurados', 0, 10000, 1, '453.18', 70, 70, 10086, 50, 50, 50),
(100050, 'Villa de los bienaventurados', 0, 10000, 1, '408.27', 70, 70, NULL, 50, 50, 50),
(100051, 'Villa de los bienaventurados', 0, 10000, 1, '408.27', 70, 70, NULL, 50, 50, 50),
(100052, 'Villa de los bienaventurados', 0, 10000, 1, '408.27', 70, 70, NULL, 50, 50, 50),
(100054, 'Villa de los bienaventurados', 0, 10000, 1, '408.27', 70, 70, NULL, 50, 50, 50),
(100056, 'Villa de los bienaventurados', 0, 10000, 1, '408.27', 70, 70, NULL, 50, 50, 50),
(100057, 'Villa de los bienaventurados', 0, 10000, 1, '408.27', 70, 70, NULL, 50, 50, 50),
(100058, 'Villa de los bienaventurados', 0, 10000, 1, '408.27', 70, 70, NULL, 50, 50, 50),
(100059, 'Villa de los bienaventurados', 0, 10000, 1, '408.27', 70, 70, NULL, 50, 50, 50),
(100060, 'Villa de los bienaventurados', 0, 10000, 1, '408.27', 70, 70, NULL, 50, 50, 50);

-- --------------------------------------------------------

--
-- Table structure for table `town_buildings`
--

CREATE TABLE `town_buildings` (
  `id` int(11) NOT NULL,
  `town_id` int(11) NOT NULL,
  `town_building_id` int(11) NOT NULL,
  `level` int(11) NOT NULL DEFAULT '0',
  `preservation` int(11) NOT NULL DEFAULT '100'
) ENGINE=InnoDB DEFAULT CHARSET=utf8 COLLATE=utf8_spanish_ci;

--
-- Dumping data for table `town_buildings`
--

INSERT INTO `town_buildings` (`id`, `town_id`, `town_building_id`, `level`, `preservation`) VALUES
(88, 1000, 1, 0, 100),
(89, 1000, 2, 0, 100),
(90, 1000, 3, 0, 100),
(91, 1000, 4, 0, 100),
(92, 1010, 1, 0, 100),
(93, 1010, 2, 0, 100),
(94, 1010, 3, 0, 100),
(95, 1020, 1, 0, 100),
(96, 1020, 2, 0, 100),
(97, 1020, 3, 0, 100),
(98, 1030, 1, 0, 100),
(99, 1030, 2, 0, 100),
(100, 1030, 3, 0, 100),
(101, 1030, 4, 0, 100),
(102, 1040, 1, 0, 100),
(103, 1040, 2, 0, 100),
(104, 1040, 3, 0, 100),
(105, 1050, 1, 0, 100),
(106, 1050, 2, 0, 100),
(107, 1050, 3, 0, 100),
(108, 1060, 1, 0, 100),
(109, 1060, 2, 0, 100),
(110, 1060, 3, 0, 100),
(111, 1060, 4, 0, 100),
(112, 1070, 1, 0, 100),
(113, 1070, 2, 0, 100),
(114, 1070, 3, 0, 100),
(115, 1080, 1, 0, 100),
(116, 1080, 2, 0, 100),
(117, 1080, 3, 0, 100),
(118, 1080, 4, 0, 100),
(119, 1090, 1, 0, 100),
(120, 1090, 2, 0, 100),
(121, 1090, 3, 0, 100),
(122, 2000, 1, 0, 100),
(123, 2000, 2, 0, 100),
(124, 2000, 3, 0, 100),
(125, 2010, 1, 1, 100),
(126, 2010, 2, 1, 100),
(127, 2010, 3, 1, 100),
(128, 2020, 1, 0, 100),
(129, 2020, 2, 0, 100),
(130, 2020, 3, 0, 100),
(131, 2030, 1, 0, 100),
(132, 2030, 2, 0, 100),
(133, 2030, 3, 0, 100),
(134, 2040, 1, 0, 100),
(135, 2040, 2, 0, 100),
(136, 2040, 3, 0, 100),
(137, 2040, 4, 0, 100),
(138, 2050, 1, 0, 100),
(139, 2050, 2, 0, 100),
(140, 2050, 3, 0, 100),
(141, 2050, 4, 0, 100),
(142, 2060, 1, 0, 100),
(143, 2060, 2, 0, 100),
(144, 2060, 3, 0, 100),
(145, 100027, 1, 0, 100),
(146, 100027, 2, 0, 100),
(147, 100027, 3, 0, 100);

-- --------------------------------------------------------

--
-- Table structure for table `town_buildings_current_lvlups`
--

CREATE TABLE `town_buildings_current_lvlups` (
  `id` int(11) NOT NULL,
  `town_building_id` int(11) NOT NULL,
  `time_left` int(11) NOT NULL
) ENGINE=InnoDB DEFAULT CHARSET=utf8 COLLATE=utf8_spanish_ci;

-- --------------------------------------------------------

--
-- Table structure for table `town_buildings_lvlup_res`
--

CREATE TABLE `town_buildings_lvlup_res` (
  `id` int(11) NOT NULL,
  `building_id` int(11) NOT NULL,
  `level` int(11) NOT NULL,
  `item_id` int(11) NOT NULL,
  `quantity` int(11) NOT NULL
) ENGINE=InnoDB DEFAULT CHARSET=utf8 COLLATE=utf8_spanish_ci;

--
-- Dumping data for table `town_buildings_lvlup_res`
--

INSERT INTO `town_buildings_lvlup_res` (`id`, `building_id`, `level`, `item_id`, `quantity`) VALUES
(37, 1, 0, 1, 1000),
(38, 1, 0, 2, 100),
(39, 1, 0, 8, 100),
(40, 2, 0, 1, 1000),
(41, 2, 0, 2, 100),
(42, 2, 0, 8, 100),
(43, 3, 0, 1, 1000),
(44, 3, 0, 2, 100),
(45, 3, 0, 8, 100),
(46, 4, 0, 1, 1000),
(47, 4, 0, 2, 100),
(48, 4, 0, 8, 100);

-- --------------------------------------------------------

--
-- Table structure for table `town_buildings_lvlup_time`
--

CREATE TABLE `town_buildings_lvlup_time` (
  `id` int(11) NOT NULL,
  `building_id` int(11) NOT NULL,
  `level` int(11) NOT NULL,
  `lvlup_time` int(11) NOT NULL
) ENGINE=InnoDB DEFAULT CHARSET=utf8 COLLATE=utf8_spanish_ci;

--
-- Dumping data for table `town_buildings_lvlup_time`
--

INSERT INTO `town_buildings_lvlup_time` (`id`, `building_id`, `level`, `lvlup_time`) VALUES
(5, 1, 0, 10),
(6, 2, 0, 10),
(7, 3, 0, 10),
(8, 4, 0, 10),
(9, 1, 0, 10),
(10, 2, 0, 10),
(11, 3, 0, 10),
(12, 4, 0, 10),
(14, 1, 0, 10),
(15, 2, 0, 10),
(16, 3, 0, 10),
(17, 4, 0, 10);

-- --------------------------------------------------------

--
-- Table structure for table `town_building_names`
--

CREATE TABLE `town_building_names` (
  `id` int(11) NOT NULL,
  `name` varchar(16) COLLATE utf8_spanish_ci NOT NULL
) ENGINE=InnoDB DEFAULT CHARSET=utf8 COLLATE=utf8_spanish_ci;

--
-- Dumping data for table `town_building_names`
--

INSERT INTO `town_building_names` (`id`, `name`) VALUES
(1, 'Muralla'),
(2, 'Infraestructura'),
(3, 'Mercado'),
(4, 'Puerto');

-- --------------------------------------------------------

--
-- Table structure for table `users`
--

CREATE TABLE `users` (
  `id` int(11) NOT NULL,
  `reg_time` timestamp NOT NULL DEFAULT CURRENT_TIMESTAMP,
  `username` varchar(16) COLLATE utf8_spanish_ci NOT NULL,
  `password` varchar(256) COLLATE utf8_spanish_ci NOT NULL,
  `email` varchar(32) COLLATE utf8_spanish_ci NOT NULL,
  `role` binary(1) NOT NULL COMMENT '0 for civil, 1 for priest',
  `money` int(11) NOT NULL DEFAULT '100',
  `kingdom_id` int(11) NOT NULL,
  `fame` float NOT NULL DEFAULT '0',
  `fame_last_update` float NOT NULL DEFAULT '0',
  `tut_phase` int(11) NOT NULL DEFAULT '0' COMMENT 'Tutorial phase',
  `del_countdown` int(11) DEFAULT NULL COMMENT 'Delete countdown. If a user decided to delete his account',
  `on_vacation` tinyint(1) NOT NULL DEFAULT '0',
  `start_vacation` date DEFAULT NULL,
  `last_vacation` date DEFAULT NULL
) ENGINE=InnoDB DEFAULT CHARSET=utf8 COLLATE=utf8_spanish_ci;

--
-- Dumping data for table `users`
--

INSERT INTO `users` (`id`, `reg_time`, `username`, `password`, `email`, `role`, `money`, `kingdom_id`, `fame`, `fame_last_update`, `tut_phase`, `del_countdown`, `on_vacation`, `start_vacation`, `last_vacation`) VALUES
(-1, '0000-00-00 00:00:00', 'Nobody', 'thisisapass', '---', 0x30, 0, 1, 0, 0, 0, NULL, 0, NULL, NULL),
(10000, '0000-00-00 00:00:00', 'De los Francos', 'thisisapass', '-', 0x30, 0, 1, 0, 0, 0, NULL, 0, NULL, NULL),
(10001, '0000-00-00 00:00:00', 'De Burdeos', 'thisisapass', '--', 0x30, 0, 1, 0, 0, 0, NULL, 0, NULL, NULL),
(10006, '2018-09-13 12:15:16', '3', '827ccb0eea8a706c4c34a16891f84e7b', 'c@c', 0x31, 7000, 1, 0, 0, 0, NULL, 0, NULL, NULL),
(10017, '2018-09-15 14:59:53', '4', '827ccb0eea8a706c4c34a16891f84e7b', 'd@d', 0x30, 10000, 1, 0, 0, 0, NULL, 0, NULL, NULL),
(10018, '2018-09-15 15:00:48', '5', '827ccb0eea8a706c4c34a16891f84e7b', 'e@e', 0x30, 100, 1, 0, 0, 0, NULL, 0, NULL, NULL),
(10019, '2018-09-15 15:02:29', '6', '827ccb0eea8a706c4c34a16891f84e7b', 'f@f', 0x30, 100, 1, 0, 0, 0, NULL, 0, NULL, NULL),
(10020, '2018-09-15 15:08:18', '7', '827ccb0eea8a706c4c34a16891f84e7b', 'g@g', 0x30, 100, 1, 0, 0, 0, NULL, 0, NULL, NULL),
(10021, '2018-09-15 15:13:10', '9', '827ccb0eea8a706c4c34a16891f84e7b', 'h@h', 0x30, 100, 1, 0, 0, 0, NULL, 0, NULL, NULL),
(10022, '2018-09-15 15:13:34', '10', '827ccb0eea8a706c4c34a16891f84e7b', 'i@i', 0x30, 100, 1, 0, 0, 0, NULL, 0, NULL, NULL),
(10023, '2018-09-15 15:14:24', '11', '827ccb0eea8a706c4c34a16891f84e7b', 'j@j', 0x30, 100, 1, 0, 0, 0, NULL, 0, NULL, NULL),
(10053, '2018-10-14 19:23:07', '1000', '$2y$10$H3kh0DitF0iu5G.oLgXoD.yhVOi1vZG5n/aWMOKT5qTtUEUjKJt5W', '1000@1000', 0x30, 100, 1, 0, 0, 0, NULL, 0, NULL, NULL),
(10060, '2018-10-20 10:58:04', '1001', '$2y$10$UUsUDJnW91tsCzPaM2GlwOnRyL1Jd8r9pY6/t6zjbvXxrRCL5p2IC', '100@1001', 0x30, 100, 1, 0, 0, 0, NULL, 0, NULL, NULL),
(10068, '2018-10-20 14:04:08', '1002', '$2y$10$G0lcnmpN7E5Wqdo9M8O.POZjvngZ4zXNz9Il7A/1WjtcLAfvIQq3K', '100@1002', 0x30, 100, 1, 0, 0, 0, NULL, 0, NULL, NULL),
(10069, '2018-10-20 14:08:16', '1003', '$2y$10$cm67buGTBwqK6lqr8KwiB.VkmVftRxUGAESDNWJt0k9dRuHNs7Lni', '100@10003', 0x30, 100, 1, 0, 0, 0, NULL, 0, NULL, NULL),
(10070, '2018-10-20 14:10:02', '1004', '$2y$10$vpXDXmK9zmX3Ulrolpbp4u99lMBa7fK2jcQrGCvm2PwHHV.3XBQ/e', '100@10004', 0x30, 100, 1, 0, 0, 0, NULL, 0, NULL, NULL),
(10071, '2018-10-20 14:11:09', '1005', '$2y$10$TZrZeyksA6nDxerRfH1Y1eVR9u.2uP5fhgBtVng0NaF1Uw00zDM.K', '100@10005', 0x30, 100, 1, 0, 0, 0, NULL, 0, NULL, NULL),
(10072, '2018-10-20 14:16:31', '1006', '$2y$10$NVFJRhDtgbbgyvFStHtD3uq7ODt3d5Oq0b4vMsqGyLr37m1Mse49u', '100@1006', 0x30, 100, 1, 0, 0, 0, NULL, 0, NULL, NULL),
(10073, '2018-10-20 14:18:22', '10002', '$2y$10$VAFtU4Q57qy.a4VWtK5BVuHOsMhDBTvQeIBs3xavaIvHh.89xQY3G', '100@10002', 0x30, 14000, 2, 0, 0, 0, NULL, 0, NULL, '2018-12-17'),
(10074, '2018-10-20 14:20:04', '10003', '$2y$10$5I/AT/JgZFAHeUgW4L6EaerC/wUG5j23hmOTOu1dzFJff0thNm.aO', '100@100003', 0x30, 100, 2, 0, 0, 0, NULL, 0, NULL, NULL),
(10085, '2018-12-18 09:38:02', '10004', '$2y$10$LkOcyEl7jMP6GGYdOQ2U7.9IvSi.tKktHKsNq0F0sZYAqJXzzQmMS', '100@100044', 0x30, 100, 1, 0, 0, 0, NULL, 0, NULL, NULL),
(10086, '2018-12-18 09:45:11', '10005', '$2y$10$O19vkLCIUXtC968TSp7WV.W3h6n2wrKfU7i8f0LVGOp2wulbn1l/y', '100@100025', 0x30, 100, 1, 0, 0, 0, NULL, 0, NULL, NULL),
(10087, '2018-12-18 10:01:54', '10006', '$2y$10$wXOcV7ph1eXMDh01.yVQQO2yi27vzT0EykGJBZam4.PtXzpu.Z6Se', '100@100006', 0x30, 0, 2, 0, 0, 0, NULL, 0, NULL, NULL);

-- --------------------------------------------------------

--
-- Table structure for table `user_prod`
--

CREATE TABLE `user_prod` (
  `id` int(11) NOT NULL,
  `item_id` int(11) NOT NULL,
  `quantity` int(11) NOT NULL,
  `owner_id` int(11) NOT NULL,
  `user_building_id` int(11) NOT NULL
) ENGINE=InnoDB DEFAULT CHARSET=utf8 COLLATE=utf8_spanish_ci;

--
-- Dumping data for table `user_prod`
--

INSERT INTO `user_prod` (`id`, `item_id`, `quantity`, `owner_id`, `user_building_id`) VALUES
(3, 24, 50, 10006, 46),
(4, 23, 50, 10006, 46),
(9, 23, 45, 10006, 46),
(10, 23, 2, 10006, 46),
(11, 23, 3, 10006, 46),
(12, 23, 10, 10006, 46),
(13, 23, 20, 10006, 114),
(14, 23, 10, 10073, 114);

-- --------------------------------------------------------

--
-- Table structure for table `variables`
--

CREATE TABLE `variables` (
  `name` varchar(32) COLLATE utf8_spanish_ci NOT NULL,
  `value_number` int(11) NOT NULL,
  `value_char` varchar(32) COLLATE utf8_spanish_ci NOT NULL,
  `value_date` date NOT NULL
) ENGINE=InnoDB DEFAULT CHARSET=utf8 COLLATE=utf8_spanish_ci;

--
-- Dumping data for table `variables`
--

INSERT INTO `variables` (`name`, `value_number`, `value_char`, `value_date`) VALUES
('time', 7, '21_5_721', '0000-00-00');

-- --------------------------------------------------------

--
-- Table structure for table `warehouses`
--

CREATE TABLE `warehouses` (
  `id` int(11) NOT NULL,
  `building_id` int(11) NOT NULL,
  `item_id` int(11) NOT NULL,
  `quantity` int(11) NOT NULL
) ENGINE=InnoDB DEFAULT CHARSET=utf8 COLLATE=utf8_spanish_ci;

--
-- Dumping data for table `warehouses`
--

INSERT INTO `warehouses` (`id`, `building_id`, `item_id`, `quantity`) VALUES
(1, 48, 2, 700),
(2, 48, 8, 700),
(4, 80, 2, 100),
(5, 84, 2, 100),
(6, 88, 2, 100),
(7, 92, 2, 100),
(8, 96, 2, 100),
(9, 100, 2, 100),
(10, 104, 2, 100),
(11, 108, 2, 100),
(12, 112, 2, 100),
(14, 120, 2, 100),
(15, 116, 2, 1500),
(16, 116, 8, 1500),
(18, 84, 20, 65),
(19, 96, 20, 86),
(20, 100, 20, 86),
(21, 104, 20, 65),
(22, 108, 20, 86),
(23, 112, 20, 86),
(26, 140, 2, 9600),
(27, 140, 8, 9600),
(45, 130, 20, 80),
(46, 135, 20, 60);

-- --------------------------------------------------------

--
-- Table structure for table `workers`
--

CREATE TABLE `workers` (
  `id` int(11) NOT NULL,
  `name` varchar(32) COLLATE utf8_spanish_ci NOT NULL,
  `age` int(11) NOT NULL,
  `task` enum('cocinar','talar','pastorear','labrar','oficiar_misa','ninguna') COLLATE utf8_spanish_ci NOT NULL DEFAULT 'ninguna',
  `strength` int(11) DEFAULT '5',
  `max_strength` int(11) NOT NULL DEFAULT '5',
  `dexterity` int(11) NOT NULL DEFAULT '5',
  `max_dexterity` int(11) NOT NULL DEFAULT '5',
  `charisma` int(11) NOT NULL DEFAULT '5',
  `max_charisma` int(11) NOT NULL DEFAULT '5',
  `owner_id` int(11) NOT NULL,
  `location_id` int(11) NOT NULL COMMENT 'Region_id they are at the moment',
  `work_at` int(11) NOT NULL COMMENT 'Castle/monastery this worker is employed at'
) ENGINE=InnoDB DEFAULT CHARSET=utf8 COLLATE=utf8_spanish_ci;

--
-- Dumping data for table `workers`
--

INSERT INTO `workers` (`id`, `name`, `age`, `task`, `strength`, `max_strength`, `dexterity`, `max_dexterity`, `charisma`, `max_charisma`, `owner_id`, `location_id`, `work_at`) VALUES
(1, ' ', 22, 'ninguna', 29, 78, 38, 78, 43, 86, 10072, 10000, 29),
(2, ' ', 12, 'ninguna', 25, 80, 42, 85, 50, 80, 10072, 10000, 29),
(3, ' ', 16, 'ninguna', 44, 87, 41, 93, 30, 86, 10072, 10000, 29),
(4, ' ', 14, 'ninguna', 37, 75, 49, 82, 29, 60, 10072, 10000, 29),
(5, ' ', 15, 'ninguna', 21, 84, 24, 72, 33, 89, 10072, 10000, 29),
(16, ' ', 22, 'ninguna', 46, 70, 29, 70, 40, 68, 10074, 206, 31),
(17, ' ', 17, 'ninguna', 42, 82, 31, 76, 22, 75, 10074, 206, 31),
(18, ' ', 14, 'ninguna', 47, 72, 36, 68, 26, 75, 10074, 206, 31),
(19, ' ', 14, 'ninguna', 38, 85, 46, 91, 24, 100, 10074, 206, 31),
(20, ' ', 21, 'ninguna', 21, 88, 50, 85, 45, 84, 10074, 206, 31),
(21, 'Melendo Flainez', 15, 'ninguna', 36, 81, 22, 61, 33, 65, 10074, 103, 31),
(22, 'Manrique Martínez', 22, 'ninguna', 48, 90, 23, 70, 30, 76, 10074, 103, 31),
(23, 'Pedro Martínez', 18, 'ninguna', 40, 81, 27, 76, 33, 62, 10074, 103, 31),
(24, 'Osorio García', 22, 'ninguna', 23, 77, 23, 72, 41, 69, 10074, 103, 31),
(25, 'Velasco Diaz', 21, 'ninguna', 47, 98, 25, 87, 40, 60, 10074, 103, 31),
(26, 'Juan Flainez', 16, 'ninguna', 28, 95, 28, 62, 20, 65, 10074, 206, 31),
(27, 'Nuño Gutierrez', 17, 'ninguna', 24, 83, 42, 97, 35, 83, 10074, 206, 31),
(28, 'Fernando Soto', 12, 'ninguna', 36, 93, 36, 69, 31, 98, 10074, 206, 31),
(29, 'Rodrigo Diaz', 19, 'ninguna', 41, 97, 45, 89, 46, 81, 10074, 206, 31),
(30, 'Egidio Medina', 16, 'ninguna', 26, 83, 40, 92, 41, 85, 10074, 206, 31),
(31, 'Pedro Muñoz', 18, 'cocinar', 41, 70, 39, 85, 38, 73, 10073, 103, 30),
(32, 'Melendo Fuentes', 16, 'ninguna', 49, 66, 40, 73, 41, 92, 10073, 103, 30),
(33, 'Juan Fernández', 15, 'ninguna', 38, 93, 49, 92, 41, 95, 10073, 103, 30),
(34, 'Melendo Dominguez', 19, 'ninguna', 45, 89, 24, 79, 43, 69, 10073, 103, 30),
(35, 'Ramiro Medina', 12, 'ninguna', 42, 81, 27, 66, 31, 93, 10073, 103, 30),
(41, 'Vermudo Gómez', 19, 'ninguna', 49, 97, 30, 84, 48, 76, 10073, 103, 30),
(42, 'Bernardo Núñez', 24, 'ninguna', 25, 66, 28, 90, 31, 85, 10073, 103, 30),
(43, 'Raimundo Diaz', 13, 'ninguna', 43, 64, 40, 78, 25, 68, 10073, 103, 30),
(44, 'Bernardo Pérez', 18, 'ninguna', 24, 75, 42, 100, 44, 81, 10073, 103, 30),
(45, 'Diego Sánchez', 15, 'ninguna', 35, 82, 38, 60, 49, 95, 10073, 103, 30),
(46, 'Fortún Gómez', 22, 'talar', 47, 69, 45, 66, 30, 68, 10087, 201, 37),
(47, 'Lorenzo Muñoz', 13, 'ninguna', 28, 78, 25, 72, 49, 70, 10087, 201, 37),
(48, 'Melendo Muñoz', 17, 'ninguna', 29, 92, 26, 68, 38, 83, 10087, 201, 37),
(49, 'Ruy Núñez', 18, 'ninguna', 26, 95, 22, 62, 32, 85, 10087, 201, 37),
(50, 'Lorenzo Moreno', 16, 'ninguna', 42, 96, 43, 88, 36, 75, 10087, 201, 37),
(51, 'Fernán Gómez', 16, 'ninguna', 29, 92, 47, 100, 41, 75, 10087, 201, 37),
(52, 'Aurelio García', 15, 'ninguna', 37, 91, 36, 60, 48, 77, 10087, 201, 37);

--
-- Indexes for dumped tables
--

--
-- Indexes for table `alerts`
--
ALTER TABLE `alerts`
  ADD PRIMARY KEY (`id`),
  ADD KEY `fk_alerts_affect_to_user_id` (`user_id`);

--
-- Indexes for table `borders`
--
ALTER TABLE `borders`
  ADD PRIMARY KEY (`id`),
  ADD KEY `region_1_fk` (`region_1_id`),
  ADD KEY `region_2_fk` (`region_2_id`);

--
-- Indexes for table `buildings`
--
ALTER TABLE `buildings`
  ADD PRIMARY KEY (`id`),
  ADD KEY `fk_to_owner_id` (`owner_id`),
  ADD KEY `fk_buildings_building_to_building_id` (`building_id`),
  ADD KEY `fk_buildings_castle_mon_to_castle_mon_id` (`castle_mon_id`);

--
-- Indexes for table `buildings_capacity`
--
ALTER TABLE `buildings_capacity`
  ADD PRIMARY KEY (`id`),
  ADD KEY `fk_capacity_building_to_building_id` (`building_id`);

--
-- Indexes for table `buildings_current_lvlups`
--
ALTER TABLE `buildings_current_lvlups`
  ADD PRIMARY KEY (`id`),
  ADD KEY `fk_buildings_current_lvl_item_to_buildings_id` (`user_building_id`);

--
-- Indexes for table `buildings_lvlup_res`
--
ALTER TABLE `buildings_lvlup_res`
  ADD PRIMARY KEY (`id`),
  ADD KEY `fk_lvlup_building_to_building_id` (`building_id`),
  ADD KEY `fk_lvl_item_to_item_id` (`item_id`);

--
-- Indexes for table `buildings_lvlup_time`
--
ALTER TABLE `buildings_lvlup_time`
  ADD PRIMARY KEY (`id`),
  ADD KEY `fk_lvlup_time_building_to_building_id` (`building_id`);

--
-- Indexes for table `buildings_maintenance`
--
ALTER TABLE `buildings_maintenance`
  ADD PRIMARY KEY (`id`),
  ADD KEY `fk_maintenance_building_to_building_id` (`building_id`),
  ADD KEY `fk_maintenance_ingredient_to_item_id` (`item_id`);

--
-- Indexes for table `building_names`
--
ALTER TABLE `building_names`
  ADD PRIMARY KEY (`id`);

--
-- Indexes for table `castles_monasteries`
--
ALTER TABLE `castles_monasteries`
  ADD PRIMARY KEY (`id`),
  ADD KEY `fk_castle_owner_to_user_id` (`owner_id`),
  ADD KEY `fk_castle_region_to_user_id` (`region_id`),
  ADD KEY `fk_castle_town_to_town_id` (`town_id`);

--
-- Indexes for table `characters`
--
ALTER TABLE `characters`
  ADD PRIMARY KEY (`id`),
  ADD KEY `characters_fk` (`belongs_to`),
  ADD KEY `fk_location_id_to_region_id` (`location_id`);

--
-- Indexes for table `connections`
--
ALTER TABLE `connections`
  ADD PRIMARY KEY (`id`),
  ADD KEY `user_id_fk` (`user_id`);

--
-- Indexes for table `field_resource`
--
ALTER TABLE `field_resource`
  ADD PRIMARY KEY (`resource_id`),
  ADD KEY `fk_growing_field_resource_to_field_resource_id` (`growing`);

--
-- Indexes for table `field_resource_info`
--
ALTER TABLE `field_resource_info`
  ADD PRIMARY KEY (`id`);

--
-- Indexes for table `gardens`
--
ALTER TABLE `gardens`
  ADD PRIMARY KEY (`id`),
  ADD KEY `fk_garden_to_building_id` (`building_id`);

--
-- Indexes for table `garden_growing_info`
--
ALTER TABLE `garden_growing_info`
  ADD PRIMARY KEY (`id`);

--
-- Indexes for table `hierarchy`
--
ALTER TABLE `hierarchy`
  ADD PRIMARY KEY (`id`),
  ADD KEY `vassal_fk` (`lord_id`),
  ADD KEY `lord_fk` (`vassal_id`);

--
-- Indexes for table `item_info`
--
ALTER TABLE `item_info`
  ADD PRIMARY KEY (`id`),
  ADD UNIQUE KEY `name` (`name`),
  ADD KEY `fk_building_item_to_building_id` (`building`);

--
-- Indexes for table `item_recipes`
--
ALTER TABLE `item_recipes`
  ADD PRIMARY KEY (`id`),
  ADD KEY `fk_recipes_ingredient_to_item_id` (`item_id`) USING BTREE;

--
-- Indexes for table `kingdoms`
--
ALTER TABLE `kingdoms`
  ADD PRIMARY KEY (`id`);

--
-- Indexes for table `land_resources`
--
ALTER TABLE `land_resources`
  ADD PRIMARY KEY (`id`),
  ADD KEY `fk_resource_region_to_region_id` (`region_id`),
  ADD KEY `fk_resource_owner_to_user_id` (`owner_id`),
  ADD KEY `fk_resource_resource_to_resource_id` (`resource`),
  ADD KEY `fk_resource_town_to_town_id` (`town_id`);

--
-- Indexes for table `land_resources_capacity`
--
ALTER TABLE `land_resources_capacity`
  ADD PRIMARY KEY (`id`),
  ADD KEY `fk_capacity_resource_to_resource_id` (`resource_id`);

--
-- Indexes for table `land_resources_current_lvlups`
--
ALTER TABLE `land_resources_current_lvlups`
  ADD PRIMARY KEY (`id`),
  ADD KEY `fk_resource_buildings_current_lvl_to_resource_id` (`land_resource_id`);

--
-- Indexes for table `land_resources_lvlup_res`
--
ALTER TABLE `land_resources_lvlup_res`
  ADD PRIMARY KEY (`id`),
  ADD KEY `fk_resource_lvlup_to_resource_id` (`resource_id`),
  ADD KEY `fk_resource_lvl_item_to_item_id` (`item_id`);

--
-- Indexes for table `land_resources_lvlup_time`
--
ALTER TABLE `land_resources_lvlup_time`
  ADD PRIMARY KEY (`id`),
  ADD KEY `fk_resource_lvlup_time_to_resource_id` (`resource_id`);

--
-- Indexes for table `land_resources_names`
--
ALTER TABLE `land_resources_names`
  ADD PRIMARY KEY (`id`);

--
-- Indexes for table `land_res_jobs`
--
ALTER TABLE `land_res_jobs`
  ADD PRIMARY KEY (`id`),
  ADD KEY `fk_job_town_to_town_id` (`town_id`),
  ADD KEY `fk_job_location_to_resource_id` (`working_at`);

--
-- Indexes for table `login_attempts`
--
ALTER TABLE `login_attempts`
  ADD PRIMARY KEY (`id`);

--
-- Indexes for table `news`
--
ALTER TABLE `news`
  ADD PRIMARY KEY (`id`),
  ADD KEY `fk_news_affect_to_user_id` (`affects_to`),
  ADD KEY `fk_news_region_region_id` (`region_id`),
  ADD KEY `fk_news_kingdom_user_id` (`kingdom_id`);

--
-- Indexes for table `nobility_titles`
--
ALTER TABLE `nobility_titles`
  ADD PRIMARY KEY (`id`),
  ADD KEY `owner_id` (`owner_id`);

--
-- Indexes for table `pantries`
--
ALTER TABLE `pantries`
  ADD PRIMARY KEY (`id`),
  ADD KEY `fk_to_building_id` (`building_id`),
  ADD KEY `item_to_item_id` (`item_id`);

--
-- Indexes for table `pm`
--
ALTER TABLE `pm`
  ADD PRIMARY KEY (`id`),
  ADD KEY `pm_user1_id_to_user_id` (`user1`),
  ADD KEY `pm_user2_id_to_user_id` (`user2`);

--
-- Indexes for table `regions`
--
ALTER TABLE `regions`
  ADD PRIMARY KEY (`id`),
  ADD KEY `kingdom_fk` (`kingdom_id`),
  ADD KEY `fk_region_owner_to_user_id` (`owner_id`);

--
-- Indexes for table `remember_auth`
--
ALTER TABLE `remember_auth`
  ADD PRIMARY KEY (`id`),
  ADD KEY `fk_auth_user_id_to_user_id` (`user_id`);

--
-- Indexes for table `sent_pm`
--
ALTER TABLE `sent_pm`
  ADD PRIMARY KEY (`id`),
  ADD KEY `fk_user1_sent_pm_to_user_id` (`user1`),
  ADD KEY `fk_user2_sent_pm_to_user_id` (`user2`);

--
-- Indexes for table `stables`
--
ALTER TABLE `stables`
  ADD PRIMARY KEY (`id`),
  ADD KEY `fk_stable_id_to_building_id` (`building_id`);

--
-- Indexes for table `stable_animals_info`
--
ALTER TABLE `stable_animals_info`
  ADD PRIMARY KEY (`id`);

--
-- Indexes for table `towns`
--
ALTER TABLE `towns`
  ADD PRIMARY KEY (`id`),
  ADD KEY `fk_town_kingdom_to_kingdom_id` (`kingdom_id`),
  ADD KEY `fk_town_region_to_region_id` (`region_id`),
  ADD KEY `fk_town_owner_to_owner_id` (`owner_id`);

--
-- Indexes for table `town_buildings`
--
ALTER TABLE `town_buildings`
  ADD PRIMARY KEY (`id`),
  ADD KEY `fk_town_building_to_town_id` (`town_id`),
  ADD KEY `fk_town_building_to_building_id` (`town_building_id`);

--
-- Indexes for table `town_buildings_current_lvlups`
--
ALTER TABLE `town_buildings_current_lvlups`
  ADD PRIMARY KEY (`id`),
  ADD KEY `fk_town_buildings_current_lvl_to_buildings_id` (`town_building_id`);

--
-- Indexes for table `town_buildings_lvlup_res`
--
ALTER TABLE `town_buildings_lvlup_res`
  ADD PRIMARY KEY (`id`),
  ADD KEY `fk_town_lvlup_building_to_building_id` (`building_id`),
  ADD KEY `fk_town_lvl_item_to_item_id` (`item_id`);

--
-- Indexes for table `town_buildings_lvlup_time`
--
ALTER TABLE `town_buildings_lvlup_time`
  ADD PRIMARY KEY (`id`),
  ADD KEY `fk_town_lvlup_time_building_to_building_id` (`building_id`);

--
-- Indexes for table `town_building_names`
--
ALTER TABLE `town_building_names`
  ADD PRIMARY KEY (`id`);

--
-- Indexes for table `users`
--
ALTER TABLE `users`
  ADD PRIMARY KEY (`id`),
  ADD UNIQUE KEY `username` (`username`),
  ADD UNIQUE KEY `email` (`email`),
  ADD KEY `fk_users_kingdom_user_id` (`kingdom_id`);

--
-- Indexes for table `user_prod`
--
ALTER TABLE `user_prod`
  ADD PRIMARY KEY (`id`),
  ADD KEY `fk_user_prod_item_to_item_id` (`item_id`),
  ADD KEY `fk_user_prod_owner_to_user_id` (`owner_id`),
  ADD KEY `fk_user_prod_building_to_building_id` (`user_building_id`);

--
-- Indexes for table `variables`
--
ALTER TABLE `variables`
  ADD PRIMARY KEY (`name`);

--
-- Indexes for table `warehouses`
--
ALTER TABLE `warehouses`
  ADD PRIMARY KEY (`id`),
  ADD KEY `fk_ware_to_building_id` (`building_id`),
  ADD KEY `item_ware_to_item_id` (`item_id`);

--
-- Indexes for table `workers`
--
ALTER TABLE `workers`
  ADD PRIMARY KEY (`id`),
  ADD KEY `fk_workers_to_owner_id` (`owner_id`),
  ADD KEY `fk_worker_location_to_region_id` (`location_id`),
  ADD KEY `fk_worker_work_at_to_castle_id` (`work_at`);

--
-- AUTO_INCREMENT for dumped tables
--

--
-- AUTO_INCREMENT for table `alerts`
--
ALTER TABLE `alerts`
  MODIFY `id` int(11) NOT NULL AUTO_INCREMENT;

--
-- AUTO_INCREMENT for table `borders`
--
ALTER TABLE `borders`
  MODIFY `id` int(11) NOT NULL AUTO_INCREMENT, AUTO_INCREMENT=546;

--
-- AUTO_INCREMENT for table `buildings`
--
ALTER TABLE `buildings`
  MODIFY `id` int(11) NOT NULL AUTO_INCREMENT, AUTO_INCREMENT=217;

--
-- AUTO_INCREMENT for table `buildings_capacity`
--
ALTER TABLE `buildings_capacity`
  MODIFY `id` int(11) NOT NULL AUTO_INCREMENT, AUTO_INCREMENT=9;

--
-- AUTO_INCREMENT for table `buildings_current_lvlups`
--
ALTER TABLE `buildings_current_lvlups`
  MODIFY `id` int(11) NOT NULL AUTO_INCREMENT, AUTO_INCREMENT=10;

--
-- AUTO_INCREMENT for table `buildings_lvlup_res`
--
ALTER TABLE `buildings_lvlup_res`
  MODIFY `id` int(11) NOT NULL AUTO_INCREMENT, AUTO_INCREMENT=25;

--
-- AUTO_INCREMENT for table `buildings_lvlup_time`
--
ALTER TABLE `buildings_lvlup_time`
  MODIFY `id` int(11) NOT NULL AUTO_INCREMENT, AUTO_INCREMENT=8;

--
-- AUTO_INCREMENT for table `buildings_maintenance`
--
ALTER TABLE `buildings_maintenance`
  MODIFY `id` int(11) NOT NULL AUTO_INCREMENT, AUTO_INCREMENT=19;

--
-- AUTO_INCREMENT for table `building_names`
--
ALTER TABLE `building_names`
  MODIFY `id` int(11) NOT NULL AUTO_INCREMENT, AUTO_INCREMENT=7;

--
-- AUTO_INCREMENT for table `castles_monasteries`
--
ALTER TABLE `castles_monasteries`
  MODIFY `id` int(11) NOT NULL AUTO_INCREMENT, AUTO_INCREMENT=53;

--
-- AUTO_INCREMENT for table `characters`
--
ALTER TABLE `characters`
  MODIFY `id` int(11) NOT NULL AUTO_INCREMENT, AUTO_INCREMENT=10095;

--
-- AUTO_INCREMENT for table `connections`
--
ALTER TABLE `connections`
  MODIFY `id` int(11) NOT NULL AUTO_INCREMENT, AUTO_INCREMENT=331;

--
-- AUTO_INCREMENT for table `field_resource_info`
--
ALTER TABLE `field_resource_info`
  MODIFY `id` int(11) NOT NULL AUTO_INCREMENT, AUTO_INCREMENT=4;

--
-- AUTO_INCREMENT for table `gardens`
--
ALTER TABLE `gardens`
  MODIFY `id` int(11) NOT NULL AUTO_INCREMENT;

--
-- AUTO_INCREMENT for table `garden_growing_info`
--
ALTER TABLE `garden_growing_info`
  MODIFY `id` int(11) NOT NULL AUTO_INCREMENT;

--
-- AUTO_INCREMENT for table `item_info`
--
ALTER TABLE `item_info`
  MODIFY `id` int(11) NOT NULL AUTO_INCREMENT, AUTO_INCREMENT=26;

--
-- AUTO_INCREMENT for table `item_recipes`
--
ALTER TABLE `item_recipes`
  MODIFY `id` int(11) NOT NULL AUTO_INCREMENT, AUTO_INCREMENT=5;

--
-- AUTO_INCREMENT for table `kingdoms`
--
ALTER TABLE `kingdoms`
  MODIFY `id` int(11) NOT NULL AUTO_INCREMENT, AUTO_INCREMENT=4;

--
-- AUTO_INCREMENT for table `land_resources`
--
ALTER TABLE `land_resources`
  MODIFY `id` int(11) NOT NULL AUTO_INCREMENT, AUTO_INCREMENT=1514;

--
-- AUTO_INCREMENT for table `land_resources_capacity`
--
ALTER TABLE `land_resources_capacity`
  MODIFY `id` int(11) NOT NULL AUTO_INCREMENT, AUTO_INCREMENT=22;

--
-- AUTO_INCREMENT for table `land_resources_current_lvlups`
--
ALTER TABLE `land_resources_current_lvlups`
  MODIFY `id` int(11) NOT NULL AUTO_INCREMENT;

--
-- AUTO_INCREMENT for table `land_resources_lvlup_res`
--
ALTER TABLE `land_resources_lvlup_res`
  MODIFY `id` int(11) NOT NULL AUTO_INCREMENT, AUTO_INCREMENT=61;

--
-- AUTO_INCREMENT for table `land_resources_lvlup_time`
--
ALTER TABLE `land_resources_lvlup_time`
  MODIFY `id` int(11) NOT NULL AUTO_INCREMENT, AUTO_INCREMENT=21;

--
-- AUTO_INCREMENT for table `land_resources_names`
--
ALTER TABLE `land_resources_names`
  MODIFY `id` int(11) NOT NULL AUTO_INCREMENT, AUTO_INCREMENT=11;

--
-- AUTO_INCREMENT for table `land_res_jobs`
--
ALTER TABLE `land_res_jobs`
  MODIFY `id` int(11) NOT NULL AUTO_INCREMENT, AUTO_INCREMENT=278;

--
-- AUTO_INCREMENT for table `login_attempts`
--
ALTER TABLE `login_attempts`
  MODIFY `id` int(11) NOT NULL AUTO_INCREMENT, AUTO_INCREMENT=28;

--
-- AUTO_INCREMENT for table `news`
--
ALTER TABLE `news`
  MODIFY `id` int(11) NOT NULL AUTO_INCREMENT, AUTO_INCREMENT=18;

--
-- AUTO_INCREMENT for table `nobility_titles`
--
ALTER TABLE `nobility_titles`
  MODIFY `id` int(11) NOT NULL AUTO_INCREMENT, AUTO_INCREMENT=10002;

--
-- AUTO_INCREMENT for table `pantries`
--
ALTER TABLE `pantries`
  MODIFY `id` int(11) NOT NULL AUTO_INCREMENT, AUTO_INCREMENT=110;

--
-- AUTO_INCREMENT for table `pm`
--
ALTER TABLE `pm`
  MODIFY `id` int(11) NOT NULL AUTO_INCREMENT, AUTO_INCREMENT=24;

--
-- AUTO_INCREMENT for table `regions`
--
ALTER TABLE `regions`
  MODIFY `id` int(11) NOT NULL AUTO_INCREMENT, AUTO_INCREMENT=10001;

--
-- AUTO_INCREMENT for table `remember_auth`
--
ALTER TABLE `remember_auth`
  MODIFY `id` int(11) NOT NULL AUTO_INCREMENT, AUTO_INCREMENT=2;

--
-- AUTO_INCREMENT for table `sent_pm`
--
ALTER TABLE `sent_pm`
  MODIFY `id` int(11) NOT NULL AUTO_INCREMENT, AUTO_INCREMENT=8;

--
-- AUTO_INCREMENT for table `stables`
--
ALTER TABLE `stables`
  MODIFY `id` int(11) NOT NULL AUTO_INCREMENT;

--
-- AUTO_INCREMENT for table `stable_animals_info`
--
ALTER TABLE `stable_animals_info`
  MODIFY `id` int(11) NOT NULL AUTO_INCREMENT;

--
-- AUTO_INCREMENT for table `towns`
--
ALTER TABLE `towns`
  MODIFY `id` int(11) NOT NULL AUTO_INCREMENT, AUTO_INCREMENT=100061;

--
-- AUTO_INCREMENT for table `town_buildings`
--
ALTER TABLE `town_buildings`
  MODIFY `id` int(11) NOT NULL AUTO_INCREMENT, AUTO_INCREMENT=148;

--
-- AUTO_INCREMENT for table `town_buildings_current_lvlups`
--
ALTER TABLE `town_buildings_current_lvlups`
  MODIFY `id` int(11) NOT NULL AUTO_INCREMENT;

--
-- AUTO_INCREMENT for table `town_buildings_lvlup_res`
--
ALTER TABLE `town_buildings_lvlup_res`
  MODIFY `id` int(11) NOT NULL AUTO_INCREMENT, AUTO_INCREMENT=49;

--
-- AUTO_INCREMENT for table `town_buildings_lvlup_time`
--
ALTER TABLE `town_buildings_lvlup_time`
  MODIFY `id` int(11) NOT NULL AUTO_INCREMENT, AUTO_INCREMENT=18;

--
-- AUTO_INCREMENT for table `town_building_names`
--
ALTER TABLE `town_building_names`
  MODIFY `id` int(11) NOT NULL AUTO_INCREMENT, AUTO_INCREMENT=5;

--
-- AUTO_INCREMENT for table `users`
--
ALTER TABLE `users`
  MODIFY `id` int(11) NOT NULL AUTO_INCREMENT, AUTO_INCREMENT=10103;

--
-- AUTO_INCREMENT for table `user_prod`
--
ALTER TABLE `user_prod`
  MODIFY `id` int(11) NOT NULL AUTO_INCREMENT, AUTO_INCREMENT=16;

--
-- AUTO_INCREMENT for table `warehouses`
--
ALTER TABLE `warehouses`
  MODIFY `id` int(11) NOT NULL AUTO_INCREMENT, AUTO_INCREMENT=56;

--
-- AUTO_INCREMENT for table `workers`
--
ALTER TABLE `workers`
  MODIFY `id` int(11) NOT NULL AUTO_INCREMENT, AUTO_INCREMENT=167;

--
-- Constraints for dumped tables
--

--
-- Constraints for table `alerts`
--
ALTER TABLE `alerts`
  ADD CONSTRAINT `fk_alerts_affect_to_user_id` FOREIGN KEY (`user_id`) REFERENCES `users` (`id`) ON DELETE CASCADE ON UPDATE CASCADE;

--
-- Constraints for table `borders`
--
ALTER TABLE `borders`
  ADD CONSTRAINT `fk_region_1_to_region_id` FOREIGN KEY (`region_1_id`) REFERENCES `regions` (`id`) ON DELETE CASCADE ON UPDATE CASCADE,
  ADD CONSTRAINT `fk_region_2_to_region_id` FOREIGN KEY (`region_2_id`) REFERENCES `regions` (`id`) ON DELETE CASCADE ON UPDATE CASCADE;

--
-- Constraints for table `buildings`
--
ALTER TABLE `buildings`
  ADD CONSTRAINT `fk_buildings_building_to_building_id` FOREIGN KEY (`building_id`) REFERENCES `building_names` (`id`) ON UPDATE CASCADE,
  ADD CONSTRAINT `fk_buildings_castle_mon_to_castle_mon_id` FOREIGN KEY (`castle_mon_id`) REFERENCES `castles_monasteries` (`id`) ON DELETE CASCADE ON UPDATE CASCADE,
  ADD CONSTRAINT `fk_to_owner_id` FOREIGN KEY (`owner_id`) REFERENCES `users` (`id`) ON DELETE CASCADE ON UPDATE CASCADE;

--
-- Constraints for table `buildings_capacity`
--
ALTER TABLE `buildings_capacity`
  ADD CONSTRAINT `fk_capacity_building_to_building_id` FOREIGN KEY (`building_id`) REFERENCES `building_names` (`id`) ON UPDATE CASCADE;

--
-- Constraints for table `buildings_current_lvlups`
--
ALTER TABLE `buildings_current_lvlups`
  ADD CONSTRAINT `fk_buildings_current_lvl_item_to_buildings_id` FOREIGN KEY (`user_building_id`) REFERENCES `buildings` (`id`) ON DELETE CASCADE ON UPDATE CASCADE;

--
-- Constraints for table `buildings_lvlup_res`
--
ALTER TABLE `buildings_lvlup_res`
  ADD CONSTRAINT `fk_lvl_item_to_item_id` FOREIGN KEY (`item_id`) REFERENCES `item_info` (`id`) ON UPDATE CASCADE,
  ADD CONSTRAINT `fk_lvlup_building_to_building_id` FOREIGN KEY (`building_id`) REFERENCES `building_names` (`id`) ON UPDATE CASCADE;

--
-- Constraints for table `buildings_lvlup_time`
--
ALTER TABLE `buildings_lvlup_time`
  ADD CONSTRAINT `fk_lvlup_time_building_to_building_id` FOREIGN KEY (`building_id`) REFERENCES `building_names` (`id`) ON UPDATE CASCADE;

--
-- Constraints for table `buildings_maintenance`
--
ALTER TABLE `buildings_maintenance`
  ADD CONSTRAINT `fk_maintenance_building_to_building_id` FOREIGN KEY (`building_id`) REFERENCES `building_names` (`id`) ON UPDATE CASCADE,
  ADD CONSTRAINT `fk_maintenance_ingredient_to_item_id` FOREIGN KEY (`item_id`) REFERENCES `item_info` (`id`) ON UPDATE CASCADE;

--
-- Constraints for table `castles_monasteries`
--
ALTER TABLE `castles_monasteries`
  ADD CONSTRAINT `fk_castle_owner_to_user_id` FOREIGN KEY (`owner_id`) REFERENCES `users` (`id`) ON DELETE CASCADE ON UPDATE CASCADE,
  ADD CONSTRAINT `fk_castle_region_to_user_id` FOREIGN KEY (`region_id`) REFERENCES `regions` (`id`) ON UPDATE CASCADE,
  ADD CONSTRAINT `fk_castle_town_to_town_id` FOREIGN KEY (`town_id`) REFERENCES `towns` (`id`) ON UPDATE CASCADE;

--
-- Constraints for table `characters`
--
ALTER TABLE `characters`
  ADD CONSTRAINT `fk_char_owner_to_user_id` FOREIGN KEY (`belongs_to`) REFERENCES `users` (`id`) ON DELETE SET NULL ON UPDATE CASCADE;

--
-- Constraints for table `connections`
--
ALTER TABLE `connections`
  ADD CONSTRAINT `fk_user_to_user_id` FOREIGN KEY (`user_id`) REFERENCES `users` (`id`) ON DELETE CASCADE ON UPDATE CASCADE;

--
-- Constraints for table `field_resource`
--
ALTER TABLE `field_resource`
  ADD CONSTRAINT `fk_field_resource_to_resource_id` FOREIGN KEY (`resource_id`) REFERENCES `land_resources` (`id`) ON DELETE CASCADE ON UPDATE CASCADE,
  ADD CONSTRAINT `fk_growing_field_resource_to_field_resource_id` FOREIGN KEY (`growing`) REFERENCES `field_resource_info` (`id`) ON UPDATE CASCADE;

--
-- Constraints for table `gardens`
--
ALTER TABLE `gardens`
  ADD CONSTRAINT `fk_garden_to_building_id` FOREIGN KEY (`building_id`) REFERENCES `buildings` (`id`) ON DELETE CASCADE ON UPDATE CASCADE;

--
-- Constraints for table `hierarchy`
--
ALTER TABLE `hierarchy`
  ADD CONSTRAINT `fk_lord_to_user_id` FOREIGN KEY (`vassal_id`) REFERENCES `users` (`id`) ON UPDATE CASCADE,
  ADD CONSTRAINT `fk_vassal_to_user_id` FOREIGN KEY (`lord_id`) REFERENCES `users` (`id`) ON UPDATE CASCADE;

--
-- Constraints for table `item_info`
--
ALTER TABLE `item_info`
  ADD CONSTRAINT `fk_building_item_to_building_id` FOREIGN KEY (`building`) REFERENCES `building_names` (`id`) ON UPDATE CASCADE;

--
-- Constraints for table `item_recipes`
--
ALTER TABLE `item_recipes`
  ADD CONSTRAINT `fk_recepies_ingredient_to_item_id` FOREIGN KEY (`item_id`) REFERENCES `item_info` (`id`) ON UPDATE CASCADE;

--
-- Constraints for table `land_resources`
--
ALTER TABLE `land_resources`
  ADD CONSTRAINT `fk_resource_owner_to_user_id` FOREIGN KEY (`owner_id`) REFERENCES `users` (`id`) ON DELETE SET NULL ON UPDATE CASCADE,
  ADD CONSTRAINT `fk_resource_region_to_region_id` FOREIGN KEY (`region_id`) REFERENCES `regions` (`id`) ON UPDATE CASCADE,
  ADD CONSTRAINT `fk_resource_resource_to_resource_id` FOREIGN KEY (`resource`) REFERENCES `land_resources_names` (`id`) ON UPDATE CASCADE,
  ADD CONSTRAINT `fk_resource_town_to_town_id` FOREIGN KEY (`town_id`) REFERENCES `towns` (`id`) ON UPDATE CASCADE;

--
-- Constraints for table `land_resources_capacity`
--
ALTER TABLE `land_resources_capacity`
  ADD CONSTRAINT `fk_capacity_resource_to_resource_id` FOREIGN KEY (`resource_id`) REFERENCES `land_resources_names` (`id`) ON UPDATE CASCADE;

--
-- Constraints for table `land_resources_current_lvlups`
--
ALTER TABLE `land_resources_current_lvlups`
  ADD CONSTRAINT `fk_resource_buildings_current_lvlup_to_resource_id` FOREIGN KEY (`land_resource_id`) REFERENCES `land_resources` (`id`) ON DELETE CASCADE ON UPDATE CASCADE;

--
-- Constraints for table `land_resources_lvlup_res`
--
ALTER TABLE `land_resources_lvlup_res`
  ADD CONSTRAINT `fk_resource_lvl_item_to_item_id` FOREIGN KEY (`item_id`) REFERENCES `item_info` (`id`) ON UPDATE CASCADE,
  ADD CONSTRAINT `fk_resource_lvlup_to_resource_id` FOREIGN KEY (`resource_id`) REFERENCES `land_resources_names` (`id`) ON UPDATE CASCADE;

--
-- Constraints for table `land_resources_lvlup_time`
--
ALTER TABLE `land_resources_lvlup_time`
  ADD CONSTRAINT `fk_resource_lvlup_time_to_resource_id` FOREIGN KEY (`resource_id`) REFERENCES `land_resources_names` (`id`) ON UPDATE CASCADE;

--
-- Constraints for table `land_res_jobs`
--
ALTER TABLE `land_res_jobs`
  ADD CONSTRAINT `fk_job_location_to_resource_id` FOREIGN KEY (`working_at`) REFERENCES `land_resources` (`id`) ON DELETE CASCADE ON UPDATE CASCADE,
  ADD CONSTRAINT `fk_job_town_to_town_id` FOREIGN KEY (`town_id`) REFERENCES `towns` (`id`) ON DELETE CASCADE ON UPDATE CASCADE;

--
-- Constraints for table `news`
--
ALTER TABLE `news`
  ADD CONSTRAINT `fk_news_affect_to_user_id` FOREIGN KEY (`affects_to`) REFERENCES `users` (`id`) ON DELETE CASCADE ON UPDATE CASCADE,
  ADD CONSTRAINT `fk_news_kingdom_user_id` FOREIGN KEY (`kingdom_id`) REFERENCES `kingdoms` (`id`) ON UPDATE CASCADE,
  ADD CONSTRAINT `fk_news_region_region_id` FOREIGN KEY (`region_id`) REFERENCES `regions` (`id`) ON UPDATE CASCADE;

--
-- Constraints for table `nobility_titles`
--
ALTER TABLE `nobility_titles`
  ADD CONSTRAINT `nobility_titles_ibfk_1` FOREIGN KEY (`owner_id`) REFERENCES `users` (`id`) ON DELETE SET NULL ON UPDATE CASCADE;

--
-- Constraints for table `pantries`
--
ALTER TABLE `pantries`
  ADD CONSTRAINT `fk_item_to_item_id` FOREIGN KEY (`item_id`) REFERENCES `item_info` (`id`) ON DELETE CASCADE ON UPDATE CASCADE,
  ADD CONSTRAINT `fk_to_building_id` FOREIGN KEY (`building_id`) REFERENCES `buildings` (`id`) ON DELETE CASCADE ON UPDATE CASCADE;

--
-- Constraints for table `pm`
--
ALTER TABLE `pm`
  ADD CONSTRAINT `pm_user1_id_to_user_id` FOREIGN KEY (`user1`) REFERENCES `users` (`id`) ON UPDATE CASCADE,
  ADD CONSTRAINT `pm_user2_id_to_user_id` FOREIGN KEY (`user2`) REFERENCES `users` (`id`) ON UPDATE CASCADE;

--
-- Constraints for table `regions`
--
ALTER TABLE `regions`
  ADD CONSTRAINT `fk_region_owner_to_user_id` FOREIGN KEY (`owner_id`) REFERENCES `users` (`id`) ON UPDATE CASCADE,
  ADD CONSTRAINT `kingdom_fk` FOREIGN KEY (`kingdom_id`) REFERENCES `kingdoms` (`id`) ON UPDATE CASCADE;

--
-- Constraints for table `remember_auth`
--
ALTER TABLE `remember_auth`
  ADD CONSTRAINT `fk_auth_user_id_to_user_id` FOREIGN KEY (`user_id`) REFERENCES `users` (`id`) ON DELETE CASCADE ON UPDATE CASCADE;

--
-- Constraints for table `sent_pm`
--
ALTER TABLE `sent_pm`
  ADD CONSTRAINT `fk_user1_sent_pm_to_user_id` FOREIGN KEY (`user1`) REFERENCES `users` (`id`) ON UPDATE CASCADE,
  ADD CONSTRAINT `fk_user2_sent_pm_to_user_id` FOREIGN KEY (`user2`) REFERENCES `users` (`id`) ON UPDATE CASCADE;

--
-- Constraints for table `stables`
--
ALTER TABLE `stables`
  ADD CONSTRAINT `fk_stable_id_to_building_id` FOREIGN KEY (`building_id`) REFERENCES `buildings` (`id`) ON DELETE CASCADE ON UPDATE CASCADE;

--
-- Constraints for table `towns`
--
ALTER TABLE `towns`
  ADD CONSTRAINT `fk_town_kingdom_to_kingdom_id` FOREIGN KEY (`kingdom_id`) REFERENCES `kingdoms` (`id`) ON UPDATE CASCADE,
  ADD CONSTRAINT `fk_town_owner_to_owner_id` FOREIGN KEY (`owner_id`) REFERENCES `users` (`id`) ON DELETE SET NULL ON UPDATE CASCADE,
  ADD CONSTRAINT `fk_town_region_to_region_id` FOREIGN KEY (`region_id`) REFERENCES `regions` (`id`) ON UPDATE CASCADE;

--
-- Constraints for table `town_buildings`
--
ALTER TABLE `town_buildings`
  ADD CONSTRAINT `fk_town_building_to_building_id` FOREIGN KEY (`town_building_id`) REFERENCES `town_building_names` (`id`) ON UPDATE CASCADE,
  ADD CONSTRAINT `fk_town_building_to_town_id` FOREIGN KEY (`town_id`) REFERENCES `towns` (`id`) ON UPDATE CASCADE;

--
-- Constraints for table `town_buildings_current_lvlups`
--
ALTER TABLE `town_buildings_current_lvlups`
  ADD CONSTRAINT `fk_town_buildings_current_lvl_to_buildings_id` FOREIGN KEY (`town_building_id`) REFERENCES `town_buildings` (`id`) ON DELETE CASCADE ON UPDATE CASCADE;

--
-- Constraints for table `town_buildings_lvlup_res`
--
ALTER TABLE `town_buildings_lvlup_res`
  ADD CONSTRAINT `fk_town_lvl_item_to_item_id` FOREIGN KEY (`item_id`) REFERENCES `item_info` (`id`) ON UPDATE CASCADE,
  ADD CONSTRAINT `fk_town_lvlup_building_to_building_id` FOREIGN KEY (`building_id`) REFERENCES `building_names` (`id`) ON UPDATE CASCADE;

--
-- Constraints for table `town_buildings_lvlup_time`
--
ALTER TABLE `town_buildings_lvlup_time`
  ADD CONSTRAINT `fk_town_lvlup_time_building_to_building_id` FOREIGN KEY (`building_id`) REFERENCES `town_building_names` (`id`) ON UPDATE CASCADE;

--
-- Constraints for table `users`
--
ALTER TABLE `users`
  ADD CONSTRAINT `fk_users_kingdom_user_id` FOREIGN KEY (`kingdom_id`) REFERENCES `kingdoms` (`id`) ON UPDATE CASCADE;

--
-- Constraints for table `user_prod`
--
ALTER TABLE `user_prod`
  ADD CONSTRAINT `fk_user_prod_building_to_building_id` FOREIGN KEY (`user_building_id`) REFERENCES `buildings` (`id`) ON DELETE CASCADE ON UPDATE CASCADE,
  ADD CONSTRAINT `fk_user_prod_item_to_item_id` FOREIGN KEY (`item_id`) REFERENCES `item_info` (`id`) ON DELETE CASCADE ON UPDATE CASCADE,
  ADD CONSTRAINT `fk_user_prod_owner_to_user_id` FOREIGN KEY (`owner_id`) REFERENCES `users` (`id`) ON DELETE CASCADE ON UPDATE CASCADE;

--
-- Constraints for table `warehouses`
--
ALTER TABLE `warehouses`
  ADD CONSTRAINT `fk_ware_to_building_id` FOREIGN KEY (`building_id`) REFERENCES `buildings` (`id`) ON DELETE CASCADE ON UPDATE CASCADE,
  ADD CONSTRAINT `item_ware_to_item_id` FOREIGN KEY (`item_id`) REFERENCES `item_info` (`id`) ON DELETE CASCADE ON UPDATE CASCADE;

--
-- Constraints for table `workers`
--
ALTER TABLE `workers`
  ADD CONSTRAINT `fk_worker_location_to_region_id` FOREIGN KEY (`location_id`) REFERENCES `regions` (`id`) ON UPDATE CASCADE,
  ADD CONSTRAINT `fk_worker_work_at_to_castle_id` FOREIGN KEY (`work_at`) REFERENCES `castles_monasteries` (`id`) ON DELETE CASCADE ON UPDATE CASCADE,
  ADD CONSTRAINT `fk_workers_to_owner_id` FOREIGN KEY (`owner_id`) REFERENCES `users` (`id`) ON DELETE CASCADE ON UPDATE CASCADE;
COMMIT;

/*!40101 SET CHARACTER_SET_CLIENT=@OLD_CHARACTER_SET_CLIENT */;
/*!40101 SET CHARACTER_SET_RESULTS=@OLD_CHARACTER_SET_RESULTS */;
/*!40101 SET COLLATION_CONNECTION=@OLD_COLLATION_CONNECTION */;
